year,T,P,albedo,co2_atm,co2_cap,co2_reg,n2,o2,h2o_ice,h2o_liq,h2o_vap,ghg,biomass,iceFrac,oceanFrac,vegFrac,cloudFrac,progress,progressRaw,phase
0,213.072789,6.210000,0.250321,6.000000,40.000000,260.000000,0.200000,0.010000,40.000000,0,0,0,0,0.186792,0,0,0,0.026148,0,0
10.000000,214.567407,6.233186,0.251965,5.997001,40.000000,260.000000,0.199900,0.009995,39.999554,0,0.016557,0.009733,0,0.186791,0,0,0.008238,0.027647,0,1.000000
20.000000,217.064906,6.388581,0.252426,6.117325,39.876671,260.000000,0.199800,0.009990,39.999404,0,0.022107,0.039359,0,0.186586,0,0,0.010982,0.029629,0,2.000000
30.000000,220.550470,8.124309,0.249444,7.831214,38.159394,260.000000,0.199700,0.009985,39.999881,0,0.004374,0.079036,0,0.183733,0,0,0.002184,0.032100,0,2.000000
40.000000,224.623628,12.080927,0.246179,11.752851,34.232970,260.000000,0.199600,0.009980,39.999999,0,1.855676e-20,0.118496,0,0.177161,0,0,0,0.034899,0,2.000000
50.000000,229.102137,17.805957,0.242032,17.438743,28.539876,260.000000,0.199501,0.009975,39.999999,0,7.872863e-38,0.157739,0,0.167516,0,0,0,0.037843,0,2.000000
60.000000,233.690318,24.660738,0.236981,24.254600,21.713672,260.000000,0.199401,0.009970,39.999999,0,3.340128e-55,0.196766,0,0.155770,0,0,0,0.040702,0,2.000000
70.000000,237.188658,32.072086,0.231417,31.627240,14.327123,260.000000,0.199301,0.009965,39.999999,0,1.417078e-72,0.235580,0,0.142830,0,0,0,0.043055,0,2.000000
80.000000,240.490301,39.744716,0.225548,39.261374,6.680532,259.994791,0.199202,0.009960,39.999999,0,6.012070e-90,0.274181,0,0.129182,0,0,0,0.045212,0,2.000000
90.000000,243.205066,46.382582,0.220635,45.860955,0.389596,259.664663,0.199102,0.009955,39.999999,0,2.550671e-107,0.312570,0,0.117756,0,0,0,0.046921,0,2.000000
100.000000,244.015081,47.381848,0.220333,46.822147,0.006288,259.063567,0.199002,0.009950,39.999999,0,1.082144e-124,0.350748,0,0.117054,0,0,0,0.047277,0,2.000000
110.000000,244.689132,48.118717,0.220328,47.521152,0.000100,258.347173,0.198903,0.009945,39.999999,0,4.591086e-142,0.388718,0,0.117042,0,0,0,0.047557,0,2.000000
120.000000,245.348058,48.955755,0.220328,48.320533,1.593200e-6,257.523939,0.198804,0.009940,39.999999,0,1.947807e-159,0.426478,0,0.117042,0,0,0,0.047844,0,2.000000
130.000000,245.997849,49.895861,0.220328,49.223190,2.507671e-8,256.596908,0.198704,0.009935,39.999999,0,8.263734e-177,0.464032,0,0.117042,0,0,0,0.048140,0,2.000000
140.000000,246.641653,50.936607,0.220328,50.226692,3.921939e-10,255.568554,0.198605,0.009930,39.999999,0,3.505958e-194,0.501380,0,0.117042,0,0,0,0.048445,0,2.000000
150.000000,247.281816,52.075819,0.220328,51.328865,6.098995e-12,254.441003,0.198506,0.009925,39.999999,0,1.487432e-211,0.538523,0,0.117042,0,0,0,0.048760,0,2.000000
160.000000,247.920085,53.311548,0.220328,52.527760,9.436256e-14,253.216156,0.198406,0.009920,39.999999,0,6.310556e-229,0.575462,0,0.117042,0,0,0,0.049084,0,2.000000
170.000000,248.557739,54.641993,0.220328,53.821572,1.453283e-15,251.895769,0.198307,0.009915,39.999999,0,2.677307e-246,0.612198,0,0.117042,0,0,0,0.049418,0,2.000000
180.000000,249.195677,56.065422,0.220328,55.208570,2.228996e-17,250.481525,0.198208,0.009910,39.999999,0,1.135870e-263,0.648734,0,0.117042,0,0,0,0.049760,0,2.000000
190.000000,249.834498,57.580131,0.220328,56.687049,3.406076e-19,248.975086,0.198109,0.009905,39.999999,0,4.819023e-281,0.685068,0,0.117042,0,0,0,0.050110,0,2.000000
200.000000,250.474556,59.184398,0.220328,58.255284,5.187340e-21,247.378129,0.198010,0.009900,39.999999,0,2.044511e-298,0.721204,0,0.117042,0,0,0,0.050468,0,2.000000
210.000000,251.116002,60.876456,0.220328,59.911508,7.876329e-23,245.692377,0.197911,0.009896,39.999999,0,8.674010e-316,0.757141,0,0.117042,0,0,0,0.050834,0,2.000000
220.000000,251.758828,62.654473,0.220328,61.653890,1.192673e-24,243.919619,0.197812,0.009891,39.999999,0,0,0.792881,0,0.117042,0,0,0,0.051207,0,2.000000
230.000000,252.402894,64.516544,0.220328,63.480520,1.801583e-26,242.061720,0.197713,0.009886,39.999999,0,0,0.828425,0,0.117042,0,0,0,0.051585,0,2.000000
240.000000,253.047958,66.460678,0.220328,65.389409,2.715368e-28,240.120630,0.197614,0.009881,39.999999,0,0,0.863774,0,0.117042,0,0,0,0.051970,0,2.000000
250.000000,253.693695,68.484799,0.220328,67.378479,4.084518e-30,238.098384,0.197516,0.009876,39.999999,0,0,0.898929,0,0.117042,0,0,0,0.052359,0,2.000000
260.000000,254.339721,70.586753,0.220328,69.445574,6.133065e-32,235.997099,0.197417,0.009871,39.999999,0,0,0.933891,0,0.117042,0,0,0,0.052753,0,2.000000
270.000000,254.985610,72.764309,0.220328,71.588463,9.194282e-34,233.818968,0.197318,0.009866,39.999999,0,0,0.968662,0,0.117042,0,0,0,0.053150,0,2.000000
280.000000,255.631306,75.017189,0.220328,73.804863,1.376362e-35,231.566237,0.199224,0.009861,39.999999,0,0,1.003242,0,0.117042,0,0,0,0.053552,0,2.000000
290.000000,256.276780,77.345411,0.220328,76.092495,2.057716e-37,229.241148,0.205427,0.009856,39.999999,0,0,1.037632,0,0.117042,0,0,0,0.053956,0,2.000000
300.000000,256.921518,79.746653,0.220328,78.449048,3.072799e-39,226.845977,0.215920,0.009851,39.999999,0,0,1.071834,0,0.117042,0,0,0,0.054363,0,2.000000
310.000000,257.657606,82.709177,0.220328,81.362605,4.583652e-41,223.892530,0.230878,0.009846,39.999999,0,0,1.105848,0,0.117042,0,0,0,0.054845,0,2.000000
320.000000,258.561304,86.683502,0.220328,85.282711,6.829366e-43,219.930819,0.251275,0.009841,39.999999,0,0,1.139675,0,0.117042,0,0,0,0.055462,0,2.000000
330.000000,259.488351,90.938515,0.220328,89.477618,1.016375e-44,215.692252,0.277744,0.009836,39.999999,0,0,1.173317,0,0.117042,0,0,0,0.056100,0,2.000000
340.000000,260.402749,95.281736,0.220328,93.754927,1.511140e-46,211.369165,0.310203,0.009831,39.999999,0,0,1.206774,0,0.117042,0,0,0,0.056730,0,2.000000
350.000000,261.303837,99.707577,0.220328,98.109198,2.244902e-48,206.966959,0.348505,0.009827,39.999999,0,0,1.240048,0,0.117042,0,0,0,0.057354,0,2.000000
360.000000,262.191096,104.210672,0.220328,102.535218,3.332626e-50,202.490809,0.392494,0.009822,39.999999,0,0,1.273139,0,0.117042,0,0,0,0.057969,0,2.000000
370.000000,263.064128,108.785894,0.220328,107.028024,4.944451e-52,197.945643,0.442004,0.009817,39.999999,0,0,1.306049,0,0.117042,0,0,0,0.058576,0,2.000000
380.000000,263.922644,113.428372,0.220328,111.582917,7.332135e-54,193.336128,0.496865,0.009812,39.999999,0,0,1.338778,0,0.117042,0,0,0,0.059174,0,2.000000
390.000000,264.766458,118.133502,0.220328,116.195467,1.086816e-55,188.666665,0.556899,0.009807,39.999999,0,0,1.371328,0,0.117042,0,0,0,0.059764,0,2.000000
400.000000,265.595470,122.896943,0.220328,120.861513,1.610357e-57,183.941387,0.621929,0.009802,39.999999,0,0,1.403700,0,0.117042,0,0,0,0.060345,0,2.000000
410.000000,266.529718,128.570153,0.220328,125.579475,2.385318e-59,179.161846,1.544987,0.009797,39.999999,0,0,1.435893,0,0.117042,0,0,0,0.061012,0,2.000000
420.000000,267.680378,136.057607,0.220328,130.356742,3.532023e-61,174.320629,4.223162,0.009792,39.999999,0,0,1.467910,0,0.117042,0,0,0,0.061854,0,2.000000
430.000000,268.911815,144.510989,0.220328,135.198087,5.228283e-63,169.412928,7.803363,0.009787,39.999999,0,0,1.499752,0,0.117042,0,0,0,0.062765,0,2.000000
440.000000,270.100772,153.027731,0.220328,140.098198,7.737104e-65,164.444027,11.388332,0.009782,39.999999,0,0,1.531419,0,0.117042,0,0,0,0.063646,0,2.000000
450.000000,271.249433,161.600531,0.220328,145.050218,1.144738e-66,159.420753,14.977624,0.009778,39.999999,0,0,1.562912,0,0.117042,0,0,0,0.064500,0,2.000000
460.000000,272.359900,170.222981,0.220328,150.048160,1.693402e-68,154.349070,18.570816,0.009773,39.999999,0,0,1.594232,0,0.117042,0,0,0,0.065327,0,2.000000
470.000000,273.439646,178.889494,0.220250,155.086808,2.504697e-70,149.234171,22.167518,0.009768,39.964983,0.035015,1.853706e-5,1.625381,0,0.116947,0.000438,0,9.268478e-6,0.066825,0,3.000000
480.000000,274.506047,187.609003,0.219893,160.162324,3.704264e-72,144.079877,25.767462,0.009763,39.148923,0.850723,0.013095,1.656359,0,0.114728,0.010559,0,0.006522,0.079001,0,3.000000
490.000000,275.540561,196.384279,0.219557,165.270641,5.477837e-74,138.890235,29.370309,0.009758,37.285479,2.713269,0.046405,1.687167,0,0.109636,0.033160,0,0.022889,0.093612,0,3.000000
500.000000,276.517276,205.212352,0.219634,170.407940,8.099987e-76,133.669051,32.975708,0.009753,34.412825,5.584447,0.101146,1.717805,0,0.101717,0.066656,0,0.049098,0.106565,0,3.000000
510.000000,277.415847,214.088067,0.220432,175.569951,1.197662e-77,128.420578,36.583202,0.009748,30.600588,9.394642,0.176889,1.748276,0,0.091077,0.108701,0,0.083999,0.117715,0,3.000000
520.000000,278.231468,223.004426,0.222031,180.752652,1.770777e-79,123.148831,40.192321,0.009743,25.933575,14.059111,0.271131,1.778580,0,0.077844,0.156668,0,0.125307,0.127339,0,3.000000
530.000000,278.970948,231.946999,0.224336,185.952552,2.618051e-81,117.857288,43.802634,0.009738,20.933575,19.056352,0.373356,1.808718,0,0.063412,0.204083,0,0.167601,0.135198,0,3.000000
540.000000,279.653184,240.905420,0.227082,191.166942,3.870611e-83,112.548652,47.413796,0.009734,15.933575,24.053574,0.476258,1.838690,0,0.048710,0.247709,0,0.207681,0.141601,0,3.000000
550.000000,280.289892,249.876751,0.230117,196.393761,5.722297e-85,107.224976,51.025541,0.009729,10.933575,29.050792,0.579223,1.868497,0,0.033733,0.287848,0,0.245430,0.147037,0,3.000000
560.000000,280.890071,258.858751,0.233329,201.631388,8.459651e-87,101.887878,54.637656,0.009724,5.933575,34.048018,0.681843,1.898142,0,0.018476,0.324780,0,0.280845,0.151774,0,3.000000
570.000000,281.460651,267.849683,0.236634,206.878517,1.250624e-88,96.538655,58.249967,0.009719,0.933575,39.045260,0.783857,1.927624,0,0.002934,0.358761,0,0.313995,0.155980,0,3.000000
580.000000,282.006770,276.793192,0.239915,212.133976,1.848821e-90,91.178476,61.862316,0.009714,0.004472,39.973102,0.830243,1.956943,0,1.407742e-5,0.364765,0,0.328422,0.157681,0,3.000000
590.000000,282.552099,285.729441,0.242904,217.397252,2.733108e-92,85.807851,65.474645,0.009709,2.141873e-5,39.976693,0.861731,1.986103,0,6.742932e-8,0.364788,0,0.337994,0.158853,0,3.000000
600.000000,283.081414,294.672572,0.245845,222.667668,4.040299e-94,80.427454,69.086869,0.009704,1.025925e-7,39.975854,0.893229,2.015102,0,3.229765e-10,0.364782,0,0.347394,0.159997,0,3.000000
610.000000,283.556377,303.563622,0.249225,227.740875,5.972632e-96,75.038371,72.698821,0.157522,4.914031e-10,39.975054,0.922461,2.043942,0.080189,1.546990e-12,0.364777,0.108594,0.355962,0.231395,0.114145,4.000000
620.000000,283.998414,312.326043,0.252687,232.335184,8.829052e-98,69.641435,76.310375,0.657422,2.353748e-12,39.974287,0.950438,2.072624,0.275434,7.455148e-15,0.364772,0.257597,0.364026,0.296842,0.195762,4.000000
630.000000,284.403257,320.890154,0.256243,236.200365,1.305146e-99,64.237675,79.921363,1.690638,1.127411e-14,39.973568,0.976640,2.101149,0.623712,0,0.364767,0.456480,0.371459,0.363009,0.280275,4.000000
640.000000,284.820031,329.412228,0.259382,239.899374,1.929307e-101,58.827520,83.531721,2.847434,5.400130e-17,39.972813,1.004182,2.129517,0.878456,0,0.364763,0.580150,0.379149,0.397221,0.329039,4.000000
650.000000,285.254857,337.994141,0.262124,243.803063,2.851942e-103,53.410879,87.141481,3.858165,2.586583e-19,39.972003,1.033703,2.157730,0.969245,0,0.364757,0.621503,0.387255,0.410334,0.351859,4.000000
660.000000,285.689887,346.608412,0.264699,247.815130,4.215773e-105,47.987841,90.750641,4.792803,1.238935e-21,39.971172,1.064050,2.185787,0.992775,0,0.364752,0.632032,0.395442,0.421817,0.369740,4.000000
670.000000,286.117380,355.233709,0.267200,251.860326,6.231767e-107,42.558683,94.359165,5.705871,5.934315e-24,39.970332,1.094656,2.213691,0.998334,0,0.364747,0.634512,0.403553,0.432457,0.385182,4.000000
680.000000,286.535620,363.863483,0.269652,255.916264,9.211768e-109,37.123729,97.967003,6.613413,2.842449e-26,39.969490,1.125360,2.241442,0.999617,0,0.364741,0.635089,0.411544,0.442517,0.399067,4.000000
690.000000,286.944552,372.495869,0.272063,259.977270,1.361672e-110,31.683294,101.574108,7.519327,1.361491e-28,39.968646,1.156123,2.269041,0.999912,0,0.364736,0.635225,0.419407,0.452112,0.411808,4.000000
700.000000,287.344492,381.130179,0.274434,264.041803,2.012799e-112,26.237672,105.180435,8.424518,6.521342e-31,39.967800,1.186934,2.296488,0.999980,0,0.364730,0.635261,0.427141,0.461307,0.423650,4.000000
710.000000,287.735820,389.766012,0.276765,268.109303,2.975270e-114,20.787135,108.785940,9.329195,3.123626e-33,39.966952,1.217789,2.323785,0.999995,0,0.364725,0.635273,0.434746,0.470151,0.434761,4.000000
720.000000,288.118914,398.403055,0.279058,272.179450,4.397955e-116,15.331937,112.390583,10.233405,1.496171e-35,39.966103,1.248685,2.350932,0.999999,0,0.364720,0.635280,0.442225,0.478541,0.445126,4.000000
730.000000,288.494133,407.041031,0.281312,276.251990,6.500904e-118,9.872313,115.994328,11.137160,7.166438e-38,39.965252,1.279623,2.377930,1.000000,0,0.364714,0.635286,0.449579,0.486334,0.454669,4.000000
740.000000,288.859589,415.624149,0.283518,280.271312,9.609379e-120,4.463875,119.597136,12.040462,3.432618e-40,39.964404,1.310457,2.404780,1.000000,0,0.364709,0.635291,0.456776,0.493859,0.463746,4.000000
750.000000,289.157289,422.579408,0.285347,282.669218,1.420417e-121,0.675091,123.198930,12.943313,1.644173e-42,39.963685,1.336464,2.431483,1.000000,0,0.364704,0.635296,0.462746,0.500785,0.472064,4.000000
760.000000,289.336128,426.338403,0.286442,281.882994,2.099594e-123,0.070121,126.799444,13.845712,7.875347e-45,39.963243,1.352213,2.458040,1.000000,0,0.364701,0.635299,0.466317,0.506779,0.479318,4.000000
770.000000,289.494118,429.551977,0.287400,280.555216,3.103520e-125,0.007277,130.398527,14.747661,3.772175e-47,39.962849,1.366124,2.484450,1.000000,0,0.364699,0.635301,0.469444,0.512456,0.486135,4.000000
780.000000,289.648580,432.707657,0.288337,279.171798,4.587469e-127,0.000754,133.996155,15.649158,1.806816e-49,39.962462,1.379830,2.510716,1.000000,0,0.364696,0.635304,0.472500,0.517943,0.492658,4.000000
790.000000,289.801330,435.856095,0.289264,277.783227,6.780962e-129,7.815964e-5,137.592322,16.550205,8.654382e-52,39.962074,1.393503,2.536838,1.000000,0,0.364694,0.635306,0.475524,0.523266,0.498927,4.000000
800.000000,289.952583,439.002544,0.290183,276.394745,1.002326e-130,8.090421e-6,141.187021,17.450801,4.145321e-54,39.961688,1.407161,2.562816,1.000000,0,0.364691,0.635309,0.478520,0.528438,0.504968,4.000000
810.000000,290.102389,442.147546,0.291093,275.006894,1.481584e-132,8.367805e-7,144.780247,18.350947,1.985548e-56,39.961301,1.420806,2.588652,1.000000,0,0.364689,0.635311,0.481490,0.533470,0.510801,4.000000
820.000000,290.250781,445.291154,0.291995,273.619731,2.189996e-134,8.647912e-8,148.371996,19.250643,9.510480e-59,39.960914,1.434438,2.614347,1.000000,0,0.364686,0.635314,0.484433,0.538373,0.516445,4.000000
830.000000,290.397788,448.433369,0.292889,272.233260,3.237127e-136,8.930535e-9,151.962262,20.149890,4.555379e-61,39.960528,1.448058,2.639900,1.000000,0,0.364684,0.635316,0.487350,0.543154,0.521915,4.000000
840.000000,290.543439,451.574188,0.293775,270.847482,4.784932e-138,9.215463e-10,155.551041,21.048687,2.181959e-63,39.960141,1.461666,2.665313,1.000000,0,0.364681,0.635319,0.490241,0.547822,0.527225,4.000000
850.000000,290.687762,454.713608,0.294654,269.462396,7.072802e-140,9.502484e-11,159.138329,21.947034,1.045126e-65,39.959755,1.475262,2.690587,1.000000,0,0.364679,0.635321,0.493107,0.552384,0.532387,4.000000
860.000000,290.830783,457.851625,0.295524,268.078003,1.045459e-141,9.791381e-12,162.724121,22.844933,5.006001e-68,39.959369,1.488846,2.715722,1.000000,0,0.364676,0.635324,0.495948,0.556846,0.537411,4.000000
870.000000,290.972529,460.988236,0.296387,266.694303,1.545332e-143,1.008194e-12,166.308412,23.742383,2.397800e-70,39.958983,1.502419,2.740719,1.000000,0,0.364674,0.635326,0.498763,0.561214,0.542308,4.000000
880.000000,291.113023,464.123438,0.297243,265.311293,2.284213e-145,1.037393e-13,169.891200,24.639384,1.148511e-72,39.958598,1.515981,2.765580,1.000000,0,0.364671,0.635329,0.501554,0.565494,0.547086,4.000000
890.000000,291.252292,467.257227,0.298091,263.928976,3.376377e-147,1.066715e-14,173.472479,25.535936,5.501198e-75,39.958212,1.529533,2.790303,1.000000,0,0.364669,0.635331,0.504321,0.569690,0.551752,4.000000
900.000000,291.390359,470.389601,0.298931,262.547349,4.990740e-149,1.096136e-15,177.052246,26.432041,2.634993e-77,39.957826,1.543074,2.814892,1.000000,0,0.364666,0.635334,0.507063,0.573806,0.556313,4.000000
910.000000,291.512923,473.509503,0.299684,261.166412,7.376980e-151,1.125659e-16,180.630487,27.327698,1.262122e-79,39.957476,1.555293,2.829612,1.000000,0,0.364664,0.635336,0.509519,0.577845,0.560773,4.000000
920.000000,291.605949,476.605187,0.300257,259.786167,1.090416e-152,1.155391e-17,184.207154,28.222907,6.045380e-82,39.957203,1.564654,2.824305,1.000000,0,0.364662,0.635338,0.511389,0.581807,0.565135,4.000000
930.000000,291.683940,479.687738,0.300732,258.406611,1.611779e-154,1.185447e-18,187.782197,29.117668,2.895648e-84,39.956972,1.572449,2.808814,1.000000,0,0.364661,0.635339,0.512938,0.585698,0.569407,4.000000
940.000000,291.761314,482.768952,0.301203,257.027744,2.382421e-156,1.215848e-19,191.355605,30.011982,1.386973e-86,39.956741,1.580213,2.793408,1.000000,0,0.364659,0.635341,0.514474,0.589524,0.573597,4.000000
950.000000,291.838071,485.848827,0.301670,255.649567,3.521531e-158,1.246586e-20,194.927377,30.905849,6.643394e-89,39.956512,1.587949,2.778086,1.000000,0,0.364658,0.635342,0.515997,0.593288,0.577707,4.000000
960.000000,291.914217,488.927364,0.302133,254.272079,5.205283e-160,1.277655e-21,198.497511,31.799270,3.182087e-91,39.956282,1.595656,2.762848,1.000000,0,0.364656,0.635344,0.517508,0.596993,0.581743,4.000000
970.000000,291.989762,492.004560,0.302592,252.895279,7.694085e-162,1.309047e-22,202.066008,32.692243,1.524173e-93,39.956054,1.603336,2.747694,1.000000,0,0.364655,0.635345,0.519007,0.600641,0.585708,4.000000
980.000000,292.064711,495.080414,0.303048,251.519168,1.137285e-163,1.340754e-23,205.632865,33.584771,7.300563e-96,39.955826,1.610988,2.732623,1.000000,0,0.364654,0.635346,0.520493,0.604235,0.589606,4.000000
990.000000,292.139074,498.154925,0.303500,250.143744,1.681055e-165,1.372770e-24,209.198083,34.476852,3.496862e-98,39.955599,1.618612,2.717635,1.000000,0,0.364652,0.635348,0.521968,0.607777,0.593439,4.000000
1000.000000,292.212857,501.228091,0.303948,248.769008,2.484815e-167,1.405085e-25,212.761659,35.368487,1.674945e-100,39.955372,1.626208,2.702729,1.000000,0,0.364651,0.635349,0.523430,0.611268,0.597211,4.000000
1010.000000,292.286068,504.299911,0.304393,247.394960,3.672875e-169,1.437693e-26,216.323594,36.259677,8.022740e-103,39.955146,1.633777,2.687904,1.000000,0,0.364649,0.635351,0.524881,0.614712,0.600924,4.000000
1020.000000,292.358713,507.370384,0.304834,246.021598,5.428977e-171,1.470584e-27,219.883886,37.150421,3.842774e-105,39.954921,1.641318,2.673161,1.000000,0,0.364648,0.635352,0.526320,0.618110,0.604581,4.000000
1030.000000,292.430800,510.439508,0.305271,244.648922,8.024718e-173,1.503750e-28,223.442535,38.040719,1.840632e-107,39.954696,1.648832,2.658499,1.000000,0,0.364646,0.635354,0.527748,0.621463,0.608184,4.000000
1040.000000,292.502335,513.507282,0.305705,243.276933,1.186155e-174,1.537184e-29,226.999540,38.930573,8.816355e-110,39.954472,1.656318,2.643917,1.000000,0,0.364645,0.635355,0.529164,0.624773,0.611736,4.000000
1050.000000,292.573326,516.573706,0.306136,241.905630,1.753287e-176,1.570875e-30,230.554900,39.819982,4.222904e-112,39.954249,1.663778,2.629415,1.000000,0,0.364643,0.635357,0.530568,0.628042,0.615237,4.000000
1060.000000,292.643778,519.638777,0.306563,240.535012,2.591578e-178,1.604817e-31,234.108615,40.708946,2.022709e-114,39.954026,1.671211,2.614993,1.000000,0,0.364642,0.635358,0.531962,0.631270,0.618691,4.000000
1070.000000,292.713699,522.702495,0.306987,239.165079,3.830678e-180,1.638999e-32,237.660683,41.597466,9.688475e-117,39.953804,1.678616,2.600650,1.000000,0,0.364641,0.635359,0.533344,0.634461,0.622099,4.000000
1080.000000,292.783095,525.764858,0.307407,237.795831,5.662220e-182,1.673412e-33,241.211104,42.485542,4.640637e-119,39.953583,1.685995,2.586386,1.000000,0,0.364639,0.635361,0.534716,0.637614,0.625463,4.000000
1090.000000,292.851971,528.825866,0.307824,236.427267,8.369466e-184,1.708048e-34,244.759878,43.373174,2.222796e-121,39.953362,1.693348,2.572199,1.000000,0,0.364638,0.635362,0.536076,0.640731,0.628784,4.000000
1100.000000,292.920334,531.885518,0.308238,235.059388,1.237111e-185,1.742897e-35,248.307003,44.260362,1.064687e-123,39.953142,1.700674,2.558091,1.000000,0,0.364636,0.635364,0.537426,0.643813,0.632064,4.000000
1110.000000,292.988191,534.943812,0.308648,233.692192,1.828603e-187,1.777949e-36,251.852480,45.147107,5.099692e-126,39.952922,1.707973,2.544060,1.000000,0,0.364635,0.635365,0.538766,0.646861,0.635304,4.000000
1120.000000,293.055546,538.000747,0.309056,232.325680,2.702900e-189,1.813197e-37,255.396307,46.033408,2.442677e-128,39.952703,1.715246,2.530106,1.000000,0,0.364634,0.635366,0.540094,0.649876,0.638506,4.000000
1130.000000,293.122406,541.056323,0.309460,230.959851,3.995219e-191,1.848628e-38,258.938485,46.919267,1.170006e-130,39.952484,1.722493,2.516228,1.000000,0,0.364632,0.635368,0.541413,0.652860,0.641670,4.000000
1140.000000,293.188777,544.110538,0.309861,229.594704,5.905423e-193,1.884236e-39,262.479011,47.804682,5.604157e-133,39.952267,1.729713,2.502427,1.000000,0,0.364631,0.635369,0.542720,0.655812,0.644799,4.000000
1150.000000,293.254663,547.163392,0.310258,228.230240,8.728936e-195,1.920008e-40,266.017887,48.689655,2.684308e-135,39.952049,1.736908,2.488701,1.000000,0,0.364629,0.635371,0.544018,0.658735,0.647893,4.000000
1160.000000,293.320072,550.214884,0.310653,226.866458,1.290243e-196,1.955937e-41,269.555112,49.574186,1.285744e-137,39.951833,1.744077,2.475051,1.000000,0,0.364628,0.635372,0.545306,0.661629,0.650953,4.000000
1170.000000,293.385007,553.265012,0.311045,225.503358,1.907136e-198,1.992011e-42,273.090684,50.458274,6.158524e-140,39.951617,1.751220,2.461475,1.000000,0,0.364627,0.635373,0.546583,0.664494,0.653981,5.000000
1180.000000,293.449475,556.313776,0.311433,224.140939,2.818977e-200,2.028222e-43,276.624605,51.341921,2.949842e-142,39.951401,1.758337,2.447974,1.000000,0,0.364625,0.635375,0.547851,0.667332,0.656977,5.000000
1190.000000,293.513480,559.361175,0.311819,222.779201,4.166789e-202,2.064558e-44,280.156872,52.225126,1.412931e-144,39.951186,1.765429,2.434547,1.000000,0,0.364624,0.635376,0.549109,0.670143,0.659942,5.000000
1200.000000,293.577028,562.407209,0.312201,221.418144,6.159015e-204,2.101011e-45,283.687487,53.107889,6.767730e-147,39.950972,1.772495,2.421194,1.000000,0,0.364622,0.635378,0.550357,0.672927,0.662877,5.000000
1210.000000,293.640124,565.451876,0.312581,220.057768,9.103764e-206,2.137570e-46,287.216447,53.990211,3.241643e-149,39.950758,1.779536,2.407913,1.000000,0,0.364621,0.635379,0.551595,0.675687,0.665783,5.000000
1220.000000,293.702772,568.495175,0.312958,218.698071,1.345645e-207,2.174226e-47,290.743754,54.872092,1.552699e-151,39.950545,1.786552,2.394706,1.000000,0,0.364620,0.635380,0.552824,0.678421,0.668661,5.000000
1230.000000,293.764979,571.537106,0.313331,217.339054,1.989024e-209,2.210967e-48,294.269407,55.753532,7.437198e-154,39.950333,1.793542,2.381571,1.000000,0,0.364618,0.635382,0.554044,0.681132,0.671511,5.000000
1240.000000,293.826747,574.577669,0.313702,215.980716,2.940015e-211,2.247784e-49,297.793405,56.634532,3.562308e-156,39.950121,1.800507,2.368508,1.000000,0,0.364617,0.635383,0.555254,0.683818,0.674335,5.000000
1250.000000,293.888083,577.616862,0.314070,214.623057,4.345691e-213,2.284667e-50,301.315748,57.515091,1.706293e-158,39.949910,1.807448,2.355517,1.000000,0,0.364616,0.635384,0.556455,0.686482,0.677132,5.000000
1260.000000,293.948991,580.654684,0.314436,213.266077,6.423445e-215,2.321607e-51,304.836436,58.395210,8.172892e-161,39.949699,1.814363,2.342597,1.000000,0,0.364614,0.635386,0.557646,0.689124,0.679905,5.000000
1270.000000,294.009476,583.691136,0.314798,211.909775,9.494611e-217,2.358591e-52,308.355469,59.274889,3.914694e-163,39.949489,1.821254,2.329748,1.000000,0,0.364613,0.635387,0.558829,0.691743,0.682652,5.000000
1280.000000,294.069541,586.726215,0.315158,210.554152,1.403415e-218,2.395612e-53,311.872846,60.154128,1.875081e-165,39.949279,1.828120,2.316970,1.000000,0,0.364612,0.635388,0.560003,0.694341,0.685375,5.000000
1290.000000,294.129192,589.759923,0.315515,209.199206,2.074413e-220,2.432658e-54,315.388567,61.032928,8.981360e-168,39.949070,1.834961,2.304261,1.000000,0,0.364610,0.635390,0.561167,0.696918,0.688075,5.000000
1300.000000,294.188432,592.792257,0.315869,207.844937,3.066225e-222,2.469720e-55,318.902632,61.911289,4.301939e-170,39.948862,1.841778,2.291622,1.000000,0,0.364609,0.635391,0.562323,0.699475,0.690752,5.000000
1310.000000,294.247267,595.823218,0.316221,206.491345,4.532239e-224,2.506787e-56,322.415040,62.789210,2.060565e-172,39.948654,1.848570,2.279053,1.000000,0,0.364607,0.635393,0.563470,0.702012,0.693406,5.000000
1320.000000,294.305700,598.852805,0.316570,205.138430,6.699178e-226,2.543850e-57,325.925792,63.666693,9.869802e-175,39.948446,1.855338,2.266552,1.000000,0,0.364606,0.635394,0.564609,0.704529,0.696039,5.000000
1330.000000,294.363735,601.881017,0.316916,203.786191,9.902165e-228,2.580899e-58,329.434887,64.543737,4.727490e-177,39.948240,1.862082,2.254120,1.000000,0,0.364605,0.635395,0.565739,0.707027,0.698650,5.000000
1340.000000,294.421377,604.907854,0.317260,202.434628,1.463655e-229,2.617923e-59,332.942325,65.420342,2.264398e-179,39.948034,1.868802,2.241757,1.000000,0,0.364604,0.635396,0.566860,0.709506,0.701240,5.000000
1350.000000,294.478629,607.933315,0.317601,201.083740,2.163452e-231,2.654913e-60,336.448107,66.296510,1.084613e-181,39.947828,1.875498,2.229461,1.000000,0,0.364602,0.635398,0.567973,0.711967,0.703810,5.000000
1360.000000,294.535496,610.957399,0.317940,199.733528,3.197832e-233,2.691859e-61,339.952231,67.172239,5.195136e-184,39.947623,1.882169,2.217232,1.000000,0,0.364601,0.635399,0.569078,0.714410,0.706360,5.000000
1370.000000,294.591982,613.980107,0.318276,198.383991,4.726764e-235,2.728751e-62,343.454697,68.047531,2.488394e-186,39.947418,1.888817,2.205071,1.000000,0,0.364600,0.635400,0.570174,0.716835,0.708890,5.000000
1380.000000,294.648089,617.001437,0.318609,197.035129,6.986701e-237,2.765579e-63,346.955506,68.922385,1.191904e-188,39.947214,1.895441,2.192976,1.000000,0,0.364598,0.635402,0.571262,0.719243,0.711401,5.000000
1390.000000,294.703823,620.021389,0.318940,195.686940,1.032715e-238,2.802335e-64,350.454658,69.796802,5.709043e-191,39.947011,1.902042,2.180947,1.000000,0,0.364597,0.635403,0.572342,0.721634,0.713893,5.000000
1400.000000,294.759187,623.039963,0.319269,194.339426,1.526471e-240,2.839007e-65,353.952152,70.670781,2.734547e-193,39.946808,1.908618,2.168985,1.000000,0,0.364596,0.635404,0.573415,0.724009,0.716367,5.000000
1410.000000,294.814184,626.057157,0.319595,192.992585,2.256298e-242,2.875588e-66,357.447988,71.544324,1.309808e-195,39.946606,1.915172,2.157088,1.000000,0,0.364594,0.635406,0.574479,0.726367,0.718823,5.000000
1420.000000,294.868818,629.072973,0.319919,191.646418,3.335066e-244,2.912066e-67,360.942167,72.417430,6.273786e-198,39.946404,1.921701,2.145257,1.000000,0,0.364593,0.635407,0.575535,0.728709,0.721262,5.000000
1430.000000,294.923093,632.087409,0.320240,190.300923,4.929607e-246,2.948434e-68,364.434688,73.290100,3.005051e-200,39.946202,1.928208,2.133490,1.000000,0,0.364592,0.635408,0.576583,0.731036,0.723683,5.000000
1440.000000,294.977012,635.100464,0.320559,188.956101,7.286520e-248,2.984681e-69,367.925551,74.162333,1.439375e-202,39.946002,1.934691,2.121788,1.000000,0,0.364590,0.635410,0.577624,0.733347,0.726087,5.000000
1450.000000,295.030579,638.112139,0.320876,187.611951,1.077030e-249,3.020798e-70,371.414756,75.034131,6.894393e-205,39.945802,1.941151,2.110150,1.000000,0,0.364589,0.635411,0.578657,0.735643,0.728474,5.000000
1460.000000,295.083797,641.122433,0.321190,186.268473,1.591973e-251,3.056778e-71,374.902304,75.905492,3.302312e-207,39.945602,1.947588,2.098576,1.000000,0,0.364588,0.635412,0.579683,0.737924,0.730845,5.000000
1470.000000,295.136669,644.131346,0.321502,184.925667,2.353116e-253,3.092609e-72,378.388193,76.776419,1.581759e-209,39.945403,1.954002,2.087065,1.000000,0,0.364587,0.635413,0.580701,0.740191,0.733201,5.000000
1480.000000,295.189199,647.138877,0.321812,183.583532,3.478170e-255,3.128284e-73,381.872425,77.646909,7.576391e-212,39.945204,1.960393,2.075618,1.000000,0,0.364585,0.635415,0.581711,0.742443,0.735540,5.000000
1490.000000,295.241390,650.145026,0.322119,182.242068,5.141127e-257,3.163794e-74,385.354999,78.516965,3.628980e-214,39.945006,1.966761,2.064233,1.000000,0,0.364584,0.635416,0.582714,0.744682,0.737864,5.000000
1500.000000,295.293246,653.149792,0.322425,180.901274,7.599163e-259,3.199130e-75,388.835915,79.386586,1.738228e-216,39.944809,1.973107,2.052911,1.000000,0,0.364583,0.635417,0.583710,0.746906,0.740173,5.000000
1510.000000,295.344852,656.155886,0.322728,179.561984,1.123242e-260,3.234283e-76,392.316660,80.256142,8.325853e-219,39.944612,1.979440,2.041660,1.000000,0,0.364582,0.635418,0.584700,0.749118,0.742469,5.000000
1520.000000,295.396079,659.157070,0.323029,178.225145,1.660277e-262,3.269244e-77,395.789614,81.126074,3.987961e-221,39.944416,1.985746,2.030491,1.000000,0,0.364580,0.635420,0.585683,0.751318,0.744750,5.000000
1530.000000,295.446847,662.149731,0.323327,176.890730,2.454074e-264,3.304006e-78,399.251186,81.996398,1.910174e-223,39.944221,1.992013,2.019404,1.000000,0,0.364579,0.635421,0.586655,0.753504,0.747018,5.000000
1540.000000,295.497190,665.135069,0.323623,175.558711,3.627396e-266,3.338563e-79,402.702583,82.867134,9.149453e-226,39.944028,1.998244,2.008397,1.000000,0,0.364578,0.635422,0.587619,0.755677,0.749271,5.000000
1550.000000,295.547139,668.114188,0.323915,174.229061,5.361695e-268,3.372907e-80,406.144916,83.738297,4.382453e-228,39.943837,2.004444,1.997470,1.000000,0,0.364577,0.635423,0.588574,0.757838,0.751510,5.000000
1560.000000,295.596723,671.088107,0.324206,172.901751,7.925181e-270,3.407030e-81,409.579213,84.609904,2.099130e-230,39.943646,2.010616,1.986623,1.000000,0,0.364575,0.635425,0.589521,0.759987,0.753737,5.000000
1570.000000,295.645968,674.057765,0.324494,171.576755,1.171430e-271,3.440926e-82,413.006421,85.481974,1.005452e-232,39.943457,2.016762,1.975854,1.000000,0,0.364574,0.635426,0.590461,0.762124,0.755951,5.000000
1580.000000,295.694898,677.024029,0.324780,170.254044,1.731503e-273,3.474588e-83,416.427415,86.354523,4.815968e-235,39.943269,2.022885,1.965163,1.000000,0,0.364573,0.635427,0.591394,0.764251,0.758153,5.000000
1590.000000,295.743535,679.987698,0.325064,168.933591,2.559353e-275,3.508007e-84,419.843002,87.227568,2.306778e-237,39.943082,2.028987,1.954550,1.000000,0,0.364572,0.635428,0.592321,0.766366,0.760343,5.000000
1600.000000,295.791900,682.949510,0.325346,167.615370,3.783006e-277,3.541176e-85,423.253928,88.101128,1.104912e-239,39.942896,2.035072,1.944013,1.000000,0,0.364571,0.635429,0.593242,0.768471,0.762522,5.000000
1610.000000,295.840010,685.910146,0.325626,166.299352,5.591700e-279,3.574087e-86,426.660884,88.975218,5.292367e-242,39.942711,2.041141,1.933553,1.000000,0,0.364569,0.635431,0.594157,0.770566,0.764690,5.000000
1620.000000,295.887884,688.870237,0.325905,164.985510,8.265147e-281,3.606732e-87,430.064507,89.849857,2.534966e-244,39.942526,2.047195,1.923168,1.000000,0,0.364568,0.635432,0.595066,0.772652,0.766847,5.000000
1630.000000,295.935537,691.830364,0.326183,163.673818,1.221680e-282,3.639104e-88,433.465390,90.725061,1.214211e-246,39.942343,2.053238,1.912857,1.000000,0,0.364567,0.635433,0.595971,0.774727,0.768994,5.000000
1640.000000,295.982984,694.791067,0.326458,162.364248,1.805777e-284,3.671195e-89,436.864079,91.600848,5.815892e-249,39.942160,2.059270,1.902622,1.000000,0,0.364566,0.635434,0.596871,0.776794,0.771131,5.000000
1650.000000,296.030238,697.752845,0.326733,161.056774,2.669136e-286,3.702997e-90,440.261082,92.477236,2.785726e-251,39.941978,2.065294,1.892460,1.000000,0,0.364565,0.635435,0.597766,0.778851,0.773258,5.000000
1660.000000,296.077312,700.716159,0.327006,159.751368,3.945274e-288,3.734502e-91,443.656871,93.354240,1.334322e-253,39.941796,2.071310,1.882371,1.000000,0,0.364563,0.635437,0.598657,0.780900,0.775376,5.000000
1670.000000,296.124218,703.681439,0.327278,158.448003,5.831546e-290,3.765701e-92,447.051882,94.231880,6.391204e-256,39.941616,2.077319,1.872354,1.000000,0,0.364562,0.635438,0.599544,0.782941,0.777484,5.000000
1680.000000,296.170965,706.649082,0.327548,157.146654,8.619661e-292,3.796588e-93,450.446522,95.110172,3.061292e-258,39.941436,2.083325,1.862409,1.000000,0,0.364561,0.635439,0.600427,0.784973,0.779583,5.000000
1690.000000,296.217564,709.619458,0.327818,155.847293,1.274080e-293,3.827155e-94,453.841170,95.989133,1.466314e-260,39.941256,2.089326,1.852536,1.000000,0,0.364560,0.635440,0.601307,0.786997,0.781674,5.000000
1700.000000,296.264024,712.592911,0.328086,154.549893,1.883228e-295,3.857392e-95,457.236178,96.868781,7.023427e-263,39.941077,2.095324,1.842734,1.000000,0,0.364559,0.635441,0.602183,0.789013,0.783756,5.000000
1710.000000,296.310353,715.569761,0.328354,153.254429,2.783616e-297,3.887294e-96,460.631875,97.749134,3.364118e-265,39.940899,2.101322,1.833002,1.000000,0,0.364558,0.635442,0.603055,0.791022,0.785830,5.000000
1720.000000,296.356560,718.550306,0.328620,151.960873,4.114487e-299,3.916852e-97,464.028568,98.630208,1.611363e-267,39.940721,2.107318,1.823339,1.000000,0,0.364557,0.635443,0.603925,0.793024,0.787896,5.000000
1730.000000,296.402651,721.534824,0.328886,150.669199,6.081657e-301,3.946058e-98,467.426544,99.512021,7.718189e-270,39.940544,2.113314,1.813745,1.000000,0,0.364555,0.635445,0.604791,0.795018,0.789954,5.000000
1740.000000,296.448634,724.523576,0.329151,149.379381,8.989346e-303,3.974905e-99,470.826072,100.394590,3.696899e-272,39.940367,2.119312,1.804220,1.000000,0,0.364554,0.635446,0.605655,0.797005,0.792004,5.000000
1750.000000,296.494515,727.516804,0.329415,148.091393,1.328722e-304,4.003385e-100,474.227403,101.277934,1.770760e-274,39.940191,2.125311,1.794763,1.000000,0,0.364553,0.635447,0.606515,0.798985,0.794047,5.000000
1760.000000,296.540299,730.514738,0.329678,146.805208,1.963995e-306,4.031491e-101,477.630775,102.162069,8.481678e-277,39.940015,2.131313,1.785374,1.000000,0,0.364552,0.635448,0.607374,0.800959,0.796082,5.000000
1770.000000,296.585992,733.517590,0.329940,145.520800,2.902996e-308,4.059216e-102,481.036409,103.047012,4.062598e-279,39.939840,2.137318,1.776051,1.000000,0,0.364551,0.635449,0.608229,0.802926,0.798111,5.000000
1780.000000,296.631600,736.525562,0.330201,144.238143,4.290940e-310,4.086552e-103,484.444515,103.932783,1.945925e-281,39.939665,2.143326,1.766795,1.000000,0,0.364550,0.635450,0.609082,0.804887,0.800132,5.000000
1790.000000,296.677127,739.538843,0.330462,142.957212,6.342470e-312,4.113492e-104,487.855291,104.819397,9.320692e-284,39.939490,2.149339,1.757604,1.000000,0,0.364549,0.635451,0.609933,0.806842,0.802147,5.000000
1800.000000,296.722577,742.557611,0.330722,141.677979,9.374851e-314,4.140028e-105,491.268925,105.706872,4.464474e-286,39.939316,2.155357,1.748479,1.000000,0,0.364548,0.635452,0.610781,0.808791,0.804155,5.000000
1810.000000,296.767956,745.582036,0.330981,140.400419,1.385703e-315,4.166155e-106,494.685592,106.595227,2.138417e-288,39.939143,2.161380,1.739418,1.000000,0,0.364546,0.635454,0.611627,0.810734,0.806157,5.000000
1820.000000,296.813267,748.612277,0.331240,139.124507,2.048218e-317,4.191865e-107,498.105461,107.484478,1.024270e-290,39.938969,2.167409,1.730422,1.000000,0,0.364545,0.635455,0.612471,0.812671,0.808152,5.000000
1830.000000,296.858514,751.648486,0.331498,137.850216,3.027486e-319,4.217152e-108,501.528692,108.374644,4.906103e-293,39.938796,2.173445,1.721490,1.000000,0,0.364544,0.635456,0.613313,0.814602,0.810141,5.000000
1840.000000,296.903700,754.690805,0.331755,136.577520,4.476235e-321,4.242009e-109,504.955436,109.265741,2.349951e-295,39.938624,2.179487,1.712620,1.000000,0,0.364543,0.635457,0.614153,0.816528,0.812125,5.000000
1850.000000,296.948829,757.739373,0.332012,135.306395,6.422853e-323,4.266429e-110,508.385839,110.157788,1.125592e-297,39.938452,2.185537,1.703814,1.000000,0,0.364542,0.635458,0.614990,0.818448,0.814102,5.000000
1860.000000,296.993904,760.794319,0.332268,134.036814,2.964394e-323,4.290406e-111,511.820040,111.050802,5.391418e-300,39.938280,2.191594,1.695070,1.000000,0,0.364541,0.635459,0.615826,0.820363,0.816074,5.000000
1870.000000,297.038928,763.855769,0.332524,132.768751,2.964394e-323,4.313934e-112,515.258170,111.944801,2.582409e-302,39.938109,2.197659,1.686387,1.000000,0,0.364540,0.635460,0.616660,0.822274,0.818040,5.000000
1880.000000,297.083904,766.923843,0.332779,131.502182,2.964394e-323,4.337007e-113,518.700359,112.839803,1.236936e-304,39.937937,2.203733,1.677766,1.000000,0,0.364539,0.635461,0.617492,0.824179,0.820000,5.000000
1890.000000,297.128834,769.998654,0.333034,130.237080,2.964394e-323,4.359619e-114,522.146728,113.735826,5.924741e-307,39.937767,2.209816,1.669205,1.000000,0,0.364538,0.635462,0.618323,0.826079,0.821955,5.000000
1900.000000,297.173722,773.080314,0.333288,128.973420,2.964394e-323,4.381764e-115,525.597395,114.632886,2.837863e-309,39.937596,2.215907,1.660705,1.000000,0,0.364536,0.635464,0.619152,0.827974,0.823905,5.000000
1910.000000,297.218570,776.168929,0.333541,127.711177,2.964394e-323,4.403437e-116,529.052476,115.531003,1.359295e-311,39.937426,2.222008,1.652265,1.000000,0,0.364535,0.635465,0.619979,0.829865,0.825850,5.000000
1920.000000,297.263381,779.264602,0.333794,126.450325,2.964394e-323,4.424632e-117,532.512080,116.430194,6.510820e-314,39.937256,2.228119,1.643884,1.000000,0,0.364534,0.635466,0.620804,0.831751,0.827790,5.000000
1930.000000,297.308156,782.367432,0.334047,125.190839,2.964394e-323,4.445344e-118,535.976315,117.330477,3.118587e-316,39.937087,2.234240,1.635561,1.000000,0,0.364533,0.635467,0.621628,0.833633,0.829725,5.000000
1940.000000,297.352897,785.477516,0.334299,123.932694,2.964394e-323,4.465567e-119,539.445284,118.231869,1.493753e-318,39.936918,2.240372,1.627298,1.000000,0,0.364532,0.635468,0.622450,0.835510,0.831655,5.000000
1950.000000,297.397608,788.594948,0.334550,122.675864,2.964394e-323,4.485298e-120,542.919089,119.134389,7.154071e-321,39.936749,2.246514,1.619092,1.000000,0,0.364531,0.635469,0.623271,0.837383,0.833580,5.000000
1960.000000,297.442289,791.719818,0.334801,121.420324,2.964394e-323,4.504530e-121,546.397828,120.038055,3.458460e-323,39.936580,2.252667,1.610943,1.000000,0,0.364530,0.635470,0.624090,0.839252,0.835501,5.000000
1970.000000,297.486944,794.852216,0.335052,120.166049,2.964394e-323,4.523260e-122,549.881597,120.942885,2.470328e-323,39.936412,2.258832,1.602852,1.000000,0,0.364529,0.635471,0.624907,0.841117,0.837417,5.000000
1980.000000,297.531574,797.992228,0.335302,118.913015,2.964394e-323,4.541483e-123,553.370492,121.848897,2.470328e-323,39.936244,2.265008,1.594817,1.000000,0,0.364528,0.635472,0.625724,0.842977,0.839329,5.000000
1990.000000,297.576180,801.139941,0.335552,117.661195,2.964394e-323,4.559195e-124,556.864604,122.756108,2.470328e-323,39.936076,2.271195,1.586839,1.000000,0,0.364527,0.635473,0.626539,0.844834,0.841237,5.000000
2000.000000,297.620765,804.295436,0.335801,116.410565,2.964394e-323,4.576391e-125,560.364023,123.664538,2.470328e-323,39.935909,2.277395,1.578916,1.000000,0,0.364526,0.635474,0.627352,0.846687,0.843141,5.000000
2010.000000,297.655103,806.966255,0.335997,114.673064,2.964394e-323,4.593110e-126,563.866233,124.573628,2.470328e-323,39.935777,2.282289,1.571041,1.000000,0,0.364525,0.635475,0.627992,0.848435,0.844936,5.000000
2020.000000,297.675491,808.944906,0.336112,112.245564,2.964394e-323,4.609549e-127,567.368258,125.482719,2.470328e-323,39.935700,2.285161,1.563205,1.000000,0,0.364524,0.635476,0.628367,0.850034,0.846580,5.000000
2030.000000,297.695394,810.900834,0.336223,109.795564,2.964394e-323,4.625785e-128,570.870111,126.391809,2.470328e-323,39.935625,2.287941,1.555409,1.000000,0,0.364524,0.635476,0.628729,0.851623,0.848213,5.000000
2040.000000,297.715213,812.856635,0.336334,107.345564,2.964394e-323,4.641816e-129,574.371806,127.300900,2.470328e-323,39.935550,2.290714,1.547651,1.000000,0,0.364523,0.635477,0.629089,0.853205,0.849839,5.000000
2050.000000,297.734949,814.812321,0.336444,104.895564,2.964394e-323,4.657642e-130,577.873356,128.209991,2.470328e-323,39.935476,2.293477,1.539932,1.000000,0,0.364523,0.635477,0.629448,0.854781,0.851458,5.000000
2060.000000,297.754603,816.767905,0.336553,102.445564,2.964394e-323,4.673262e-131,581.374775,129.119082,2.470328e-323,39.935401,2.296232,1.532252,1.000000,0,0.364522,0.635478,0.629805,0.856351,0.853070,5.000000
2070.000000,297.774175,818.723398,0.336662,99.995564,2.964394e-323,4.688675e-132,584.876073,130.028173,2.470328e-323,39.935327,2.298978,1.524610,1.000000,0,0.364522,0.635478,0.630161,0.857914,0.854677,5.000000
2080.000000,297.793666,820.678810,0.336770,97.545564,2.964394e-323,4.703879e-133,588.377260,130.937264,2.470328e-323,39.935254,2.301716,1.517006,1.000000,0,0.364521,0.635479,0.630515,0.859472,0.856277,5.000000
2090.000000,297.813077,822.634150,0.336878,95.095564,2.964394e-323,4.718875e-134,591.878346,131.846355,2.470328e-323,39.935180,2.304446,1.509440,1.000000,0,0.364521,0.635479,0.630867,0.861024,0.857870,5.000000
2100.000000,297.832407,824.589428,0.336986,92.645564,2.964394e-323,4.733661e-135,595.379340,132.755446,2.470328e-323,39.935107,2.307167,1.501911,1.000000,0,0.364520,0.635480,0.631217,0.862570,0.859458,5.000000
2110.000000,297.851659,826.544650,0.337093,90.195564,2.964394e-323,4.748236e-136,598.880249,133.664537,2.470328e-323,39.935034,2.309880,1.494420,1.000000,0,0.364520,0.635480,0.631566,0.864111,0.861039,5.000000
2120.000000,297.870832,828.499823,0.337199,87.745564,2.964394e-323,4.762600e-137,602.381080,134.573628,2.470328e-323,39.934961,2.312584,1.486967,1.000000,0,0.364520,0.635480,0.631913,0.865645,0.862615,5.000000
2130.000000,297.889926,830.454955,0.337305,85.295564,2.964394e-323,4.776751e-138,605.881841,135.482719,2.470328e-323,39.934888,2.315281,1.479551,1.000000,0,0.364519,0.635481,0.632259,0.867174,0.864184,5.000000
2140.000000,297.908943,832.410050,0.337411,82.845564,2.964394e-323,4.790691e-139,609.382536,136.391809,2.470328e-323,39.934816,2.317969,1.472171,1.000000,0,0.364519,0.635481,0.632603,0.868698,0.865748,5.000000
2150.000000,297.927883,834.365115,0.337515,80.395564,2.964394e-323,4.804416e-140,612.883173,137.300900,2.470328e-323,39.934743,2.320649,1.464829,1.000000,0,0.364518,0.635482,0.632945,0.870216,0.867305,5.000000
2160.000000,297.956561,836.808938,0.337670,78.433064,2.964394e-323,4.817885e-141,616.383755,138.209991,2.470328e-323,39.934637,2.324605,1.457523,1.000000,0,0.364517,0.635483,0.633450,0.871828,0.868959,5.000000
2170.000000,297.998469,839.944716,0.337901,77.160564,2.964394e-323,4.830902e-142,619.884288,139.119082,2.470328e-323,39.934477,2.330529,1.450254,1.000000,0,0.364516,0.635484,0.634203,0.873574,0.870749,5.000000
2180.000000,298.040565,843.103050,0.338134,75.910564,2.964394e-323,4.843388e-143,623.384775,140.028173,2.470328e-323,39.934316,2.336518,1.443020,1.000000,0,0.364515,0.635485,0.634962,0.875320,0.872539,5.000000
2190.000000,298.082462,846.261364,0.338365,74.660564,2.964394e-323,4.855344e-144,626.885220,140.937264,2.470328e-323,39.934155,2.342492,1.435823,1.000000,0,0.364514,0.635486,0.635717,0.877059,0.874322,5.000000
2200.000000,298.124161,849.419661,0.338595,73.410564,2.964394e-323,4.866771e-145,630.385628,141.846355,2.470328e-323,39.933994,2.348452,1.428662,1.000000,0,0.364513,0.635487,0.636466,0.878793,0.876099,5.000000
2210.000000,297.500716,852.487917,0.335276,72.160564,2.964394e-323,4.882112e-146,633.886000,142.755446,2.470328e-323,39.936260,2.264371,1.421537,1.000000,0,0.364528,0.635472,0.625640,0.880510,0.877859,5.000000
2220.000000,296.876611,855.555320,0.331753,70.910564,2.964394e-323,4.906255e-147,637.386339,143.664537,2.470328e-323,39.938549,2.179434,1.414447,1.000000,0,0.364543,0.635457,0.614145,0.882222,0.879613,5.000000
2230.000000,296.657086,858.674960,0.330349,69.660564,2.964394e-323,4.938054e-148,640.886648,144.573628,2.470328e-323,39.939430,2.146728,1.407392,1.000000,0,0.364548,0.635452,0.609564,0.883934,0.881367,5.000000
2240.000000,296.697744,861.832691,0.330582,68.410564,2.964394e-323,4.970253e-149,644.386930,145.482719,2.470328e-323,39.939285,2.152105,1.400373,1.000000,0,0.364547,0.635453,0.610323,0.885645,0.883120,5.000000
2250.000000,296.738209,864.990419,0.330813,67.160564,2.964394e-323,5.002037e-150,647.887189,146.391809,2.470328e-323,39.939141,2.157469,1.393388,1.000000,0,0.364546,0.635454,0.611078,0.887351,0.884868,5.000000
2260.000000,296.778483,868.148147,0.331043,65.910564,2.964394e-323,5.033401e-151,651.387426,147.300900,2.470328e-323,39.938996,2.162819,1.386439,1.000000,0,0.364545,0.635455,0.611829,0.889051,0.886610,5.000000
2270.000000,296.818568,871.305877,0.331272,64.660564,2.964394e-323,5.064339e-152,654.887643,148.209991,2.470328e-323,39.938853,2.168155,1.379524,1.000000,0,0.364545,0.635455,0.612575,0.890746,0.888346,5.000000
2280.000000,296.858464,874.463609,0.331499,63.410564,2.964394e-323,5.094847e-153,658.387841,149.119082,2.470328e-323,39.938709,2.173478,1.372643,1.000000,0,0.364544,0.635456,0.613317,0.892436,0.890076,5.000000
2290.000000,296.898173,877.621345,0.331726,62.160564,2.964394e-323,5.124919e-154,661.888023,150.028173,2.470328e-323,39.938566,2.178787,1.365797,1.000000,0,0.364543,0.635457,0.614055,0.894120,0.891801,5.000000
2300.000000,296.937696,880.779087,0.331951,60.910564,2.964394e-323,5.154550e-155,665.388190,150.937264,2.470328e-323,39.938423,2.184083,1.358985,1.000000,0,0.364542,0.635458,0.614789,0.895799,0.893520,5.000000
2310.000000,296.977035,883.936835,0.332174,59.660564,2.964394e-323,5.183736e-156,668.888342,151.846355,2.470328e-323,39.938281,2.189366,1.352207,1.000000,0,0.364541,0.635459,0.615519,0.897473,0.895234,5.000000
2320.000000,297.016192,887.094591,0.332397,58.410564,2.964394e-323,5.212471e-157,672.388482,152.755446,2.470328e-323,39.938139,2.194636,1.345463,1.000000,0,0.364540,0.635460,0.616245,0.899142,0.896943,5.000000
2330.000000,297.055167,890.252355,0.332618,57.160564,2.964394e-323,5.240752e-158,675.888610,153.664537,2.470328e-323,39.937997,2.199892,1.338753,1.000000,0,0.364539,0.635461,0.616967,0.900805,0.898646,5.000000
2340.000000,297.093962,893.410129,0.332838,55.910564,2.964394e-323,5.268573e-159,679.388726,154.573628,2.470328e-323,39.937856,2.205135,1.332076,1.000000,0,0.364538,0.635462,0.617684,0.902464,0.900343,5.000000
2350.000000,297.132577,896.567913,0.333057,54.660564,2.964394e-323,5.295932e-160,682.888834,155.482719,2.470328e-323,39.937715,2.210365,1.325432,1.000000,0,0.364537,0.635463,0.618398,0.904117,0.902036,5.000000
2360.000000,297.171016,899.725708,0.333274,53.410564,2.964394e-323,5.322824e-161,686.388932,156.391809,2.470328e-323,39.937575,2.215582,1.318821,1.000000,0,0.364536,0.635464,0.619107,0.905766,0.903723,5.000000
2370.000000,297.209278,902.883515,0.333490,52.160564,2.964394e-323,5.349244e-162,689.889021,157.300900,2.470328e-323,39.937434,2.220786,1.312244,1.000000,0,0.364535,0.635465,0.619813,0.907409,0.905405,5.000000
2380.000000,297.247365,906.041334,0.333705,50.910564,2.964394e-323,5.375191e-163,693.389103,158.209991,2.470328e-323,39.937295,2.225977,1.305699,1.000000,0,0.364535,0.635465,0.620515,0.909048,0.907082,5.000000
2390.000000,297.285278,909.199166,0.333919,49.660564,2.964394e-323,5.400659e-164,696.889178,159.119082,2.470328e-323,39.937155,2.231155,1.299187,1.000000,0,0.364534,0.635466,0.621213,0.910682,0.908753,5.000000
2400.000000,297.323019,912.357011,0.334132,48.410564,2.964394e-323,5.425646e-165,700.389247,160.028173,2.470328e-323,39.937016,2.236319,1.292707,1.000000,0,0.364533,0.635467,0.621907,0.912311,0.910420,5.000000
2410.000000,297.360588,915.514869,0.334344,47.160564,2.964394e-323,5.450148e-166,703.889310,160.937264,2.470328e-323,39.936877,2.241471,1.286260,1.000000,0,0.364532,0.635468,0.622597,0.913935,0.912082,5.000000
2420.000000,297.397988,918.672742,0.334554,45.910564,2.964394e-323,5.474163e-167,707.389368,161.846355,2.470328e-323,39.936739,2.246611,1.279844,1.000000,0,0.364531,0.635469,0.623283,0.915555,0.913738,5.000000
2430.000000,297.435218,921.830628,0.334763,44.660564,2.964394e-323,5.497687e-168,710.889421,162.755446,2.470328e-323,39.936600,2.251737,1.273461,1.000000,0,0.364530,0.635470,0.623966,0.917169,0.915390,5.000000
2440.000000,297.472281,924.988530,0.334971,43.410564,2.964394e-323,5.520718e-169,714.389469,163.664537,2.470328e-323,39.936463,2.256851,1.267110,1.000000,0,0.364529,0.635471,0.624645,0.918780,0.917037,5.000000
2450.000000,297.509177,928.146446,0.335178,42.160564,2.964394e-323,5.543254e-170,717.889513,164.573628,2.470328e-323,39.936325,2.261951,1.260790,1.000000,0,0.364528,0.635472,0.625320,0.920385,0.918679,5.000000
2460.000000,297.545908,931.304377,0.335384,40.910564,2.964394e-323,5.565292e-171,721.389553,165.482719,2.470328e-323,39.936188,2.267040,1.254502,1.000000,0,0.364527,0.635473,0.625992,0.921986,0.920316,5.000000
2470.000000,297.582474,934.462324,0.335589,39.660564,2.964394e-323,5.586829e-172,724.889590,166.391809,2.470328e-323,39.936051,2.272115,1.248245,1.000000,0,0.364527,0.635473,0.626659,0.923582,0.921949,5.000000
2480.000000,297.618878,937.620286,0.335792,38.410564,2.964394e-323,5.607864e-173,728.389624,167.300900,2.470328e-323,39.935915,2.277178,1.242019,1.000000,0,0.364526,0.635474,0.627324,0.925174,0.923577,5.000000
2490.000000,297.655119,940.778263,0.335995,37.160564,2.964394e-323,5.628394e-174,731.889655,168.209991,2.470328e-323,39.935779,2.282228,1.235825,1.000000,0,0.364525,0.635475,0.627984,0.926762,0.925200,5.000000
2500.000000,297.691200,943.936257,0.336196,35.910564,2.964394e-323,5.648418e-175,735.389684,169.119082,2.470328e-323,39.935643,2.287266,1.229661,1.000000,0,0.364524,0.635476,0.628641,0.928345,0.926818,5.000000
2510.000000,297.727121,947.094266,0.336396,34.660564,2.964394e-323,5.667935e-176,738.889709,170.028173,2.470328e-323,39.935508,2.292291,1.223528,1.000000,0,0.364523,0.635477,0.629294,0.929923,0.928432,5.000000
2520.000000,297.762884,950.252291,0.336596,33.410564,2.964394e-323,5.686942e-177,742.389733,170.937264,2.470328e-323,39.935373,2.297304,1.217426,1.000000,0,0.364522,0.635478,0.629944,0.931498,0.930041,5.000000
2530.000000,297.798488,953.410332,0.336794,32.160564,2.964394e-323,5.705439e-178,745.889755,171.846355,2.470328e-323,39.935238,2.302305,1.211354,1.000000,0,0.364521,0.635479,0.630591,0.933068,0.931646,5.000000
2540.000000,297.833937,956.568389,0.336991,30.910564,2.964394e-323,5.723424e-179,749.389775,172.755446,2.470328e-323,39.935103,2.307293,1.205312,1.000000,0,0.364520,0.635480,0.631233,0.934633,0.933246,5.000000
2550.000000,297.869229,959.726463,0.337187,29.660564,2.964394e-323,5.740897e-180,752.889793,173.664537,2.470328e-323,39.934969,2.312269,1.199300,1.000000,0,0.364520,0.635480,0.631873,0.936195,0.934842,5.000000
2560.000000,297.904368,962.884552,0.337382,28.410564,2.964394e-323,5.757855e-181,756.389810,174.573628,2.470328e-323,39.934836,2.317232,1.193319,1.000000,0,0.364519,0.635481,0.632509,0.937752,0.936433,5.000000
2570.000000,297.939353,966.042658,0.337575,27.160564,2.964394e-323,5.774300e-182,759.889825,175.482719,2.470328e-323,39.934702,2.322183,1.187367,1.000000,0,0.364518,0.635482,0.633141,0.939305,0.938020,5.000000
2580.000000,297.974186,969.200780,0.337768,25.910564,2.964394e-323,5.790229e-183,763.389839,176.391809,2.470328e-323,39.934569,2.327122,1.181445,1.000000,0,0.364517,0.635483,0.633770,0.940854,0.939603,5.000000
2590.000000,298.008867,972.358918,0.337960,24.660564,2.964394e-323,5.805643e-184,766.889851,177.300900,2.470328e-323,39.934436,2.332049,1.175553,1.000000,0,0.364516,0.635484,0.634396,0.942398,0.941181,5.000000
2600.000000,298.043399,975.517072,0.338151,23.410564,2.964394e-323,5.820541e-185,770.389863,178.209991,2.470328e-323,39.934304,2.336964,1.169690,1.000000,0,0.364515,0.635485,0.635019,0.943939,0.942755,5.000000
2610.000000,298.077781,978.675242,0.338341,22.160564,2.964394e-323,5.834923e-186,773.889874,179.119082,2.470328e-323,39.934172,2.341866,1.163856,1.000000,0,0.364514,0.635486,0.635638,0.945475,0.944325,5.000000
2620.000000,298.112014,981.833428,0.338529,20.910564,2.964394e-323,5.848788e-187,777.389883,180.028173,2.470328e-323,39.934040,2.346757,1.158051,1.000000,0,0.364514,0.635486,0.636253,0.947008,0.945890,5.000000
2630.000000,298.146101,984.991631,0.338717,19.660564,2.964394e-323,5.862138e-188,780.889892,180.937264,2.470328e-323,39.933908,2.351635,1.152275,1.000000,0,0.364513,0.635487,0.636866,0.948536,0.947451,5.000000
2640.000000,298.180041,988.149849,0.338904,18.410564,2.964394e-323,5.874972e-189,784.389900,181.846355,2.470328e-323,39.933777,2.356502,1.146528,1.000000,0,0.364512,0.635488,0.637475,0.950060,0.949008,5.000000
2650.000000,298.213835,991.308084,0.339090,17.160564,2.964394e-323,5.887291e-190,787.889908,182.755446,2.470328e-323,39.933647,2.361356,1.140810,1.000000,0,0.364511,0.635489,0.638081,0.951581,0.950561,5.000000
2660.000000,298.247486,994.466334,0.339274,15.910564,2.964394e-323,5.899095e-191,791.389915,183.664537,2.470328e-323,39.933516,2.366199,1.135120,1.000000,0,0.364510,0.635490,0.638684,0.953098,0.952110,5.000000
2670.000000,298.280992,997.624601,0.339458,14.660564,2.964394e-323,5.910384e-192,794.889921,184.573628,2.470328e-323,39.933386,2.371030,1.129459,1.000000,0,0.364509,0.635491,0.639284,0.954610,0.953655,5.000000
2680.000000,298.314356,1000.782883,0.339641,13.410564,2.964394e-323,5.921160e-193,798.389927,185.482719,2.470328e-323,39.933256,2.375849,1.123825,1.000000,0,0.364509,0.635491,0.639880,0.956119,0.955196,5.000000
2690.000000,298.347579,1003.941181,0.339823,12.160564,2.964394e-323,5.931423e-194,801.889932,186.391809,2.470328e-323,39.933126,2.380656,1.118220,1.000000,0,0.364508,0.635492,0.640473,0.957624,0.956733,5.000000
2700.000000,298.380661,1007.099495,0.340004,10.910564,2.964394e-323,5.941174e-195,805.389937,187.300900,2.470328e-323,39.932997,2.385451,1.112643,1.000000,0,0.364507,0.635493,0.641064,0.959125,0.958266,5.000000
2710.000000,298.399149,1009.402761,0.340111,9.660564,2.964394e-323,5.950488e-196,808.036816,188.209991,2.470328e-323,39.932921,2.388296,1.107094,1.000000,0,0.364506,0.635494,0.641413,0.960463,0.959632,6.000000
2720.000000,298.388618,1009.951847,0.340060,8.410564,2.964394e-323,5.959748e-197,808.933695,189.119082,2.470328e-323,39.932957,2.386934,1.101572,1.000000,0,0.364507,0.635493,0.641246,0.961471,0.960662,6.000000
2730.000000,298.363583,1009.601821,0.339923,7.160564,2.964394e-323,5.969343e-198,808.933699,190.028173,2.470328e-323,39.933055,2.383307,1.096078,1.000000,0,0.364507,0.635493,0.640800,0.962309,0.961517,6.000000
2740.000000,298.338569,1009.251825,0.339786,5.910564,2.964394e-323,5.979354e-199,808.933702,190.937264,2.470328e-323,39.933153,2.379684,1.090611,1.000000,0,0.364508,0.635492,0.640354,0.963142,0.962369,6.000000
2750.000000,298.313567,1008.901863,0.339649,4.660564,2.964394e-323,5.989785e-200,808.933705,191.846355,2.470328e-323,39.933250,2.376067,1.085172,1.000000,0,0.364509,0.635491,0.639907,0.963972,0.963217,6.000000
2760.000000,298.288576,1008.551934,0.339512,3.410564,2.964394e-323,6.000639e-201,808.933708,192.755446,2.470328e-323,39.933347,2.372457,1.079760,1.000000,0,0.364509,0.635491,0.639461,0.964799,0.964062,6.000000
2770.000000,298.263596,1008.202039,0.339375,2.160564,2.964394e-323,6.011919e-202,808.933710,193.664537,2.470328e-323,39.933444,2.368854,1.074374,1.000000,0,0.364510,0.635490,0.639014,0.965622,0.964903,6.000000
2780.000000,298.238628,1007.852177,0.339238,0.910564,2.964394e-323,6.023626e-203,808.933713,194.573628,2.470328e-323,39.933541,2.365257,1.069016,1.000000,0,0.364510,0.635490,0.638567,0.966442,0.965740,6.000000
2790.000000,298.232538,1007.668120,0.338911,0.259112,2.964394e-323,6.035679e-204,808.933715,195.047411,2.470328e-323,39.933570,2.364198,1.063684,0.826224,0,0.364511,0.556003,0.638435,0.966868,0.966175,6.000000
2800.000000,298.232405,1007.660441,0.338560,0.250213,2.964394e-323,6.047727e-205,808.933717,195.053883,2.470328e-323,39.933569,2.364250,1.058379,0.627299,0,0.364511,0.458502,0.638442,0.921984,0.920312,6.000000
2810.000000,298.223597,1007.653875,0.338321,0.250011,2.964394e-323,6.059880e-206,808.933719,195.054030,2.470328e-323,39.933602,2.363015,1.053100,0.526153,0,0.364511,0.405403,0.638288,0.890990,0.888509,6.000000
2820.000000,298.210733,1007.646788,0.338133,0.250001,2.964394e-323,6.072239e-207,808.933720,195.054037,2.470328e-323,39.933651,2.361182,1.047848,0.467190,0,0.364511,0.373038,0.638059,0.870719,0.867637,6.000000
2830.000000,298.195707,1007.639414,0.337973,0.250000,2.964394e-323,6.084855e-208,808.933722,195.054038,2.470328e-323,39.933709,2.359032,1.042622,0.429552,0,0.364511,0.351738,0.637791,0.856719,0.853182,6.000000
2840.000000,298.179401,1007.631879,0.337829,0.250000,2.964394e-323,6.097758e-209,808.933723,195.054038,2.470328e-323,39.933772,2.356697,1.037422,0.404100,0,0.364512,0.337016,0.637500,0.846706,0.842822,6.000000
2850.000000,298.162279,1007.624254,0.337696,0.250000,2.964394e-323,6.110967e-210,808.933724,195.054038,2.470328e-323,39.933838,2.354245,1.032247,0.386210,0,0.364512,0.326500,0.637193,0.839373,0.835222,6.000000
2860.000000,298.144612,1007.616578,0.337570,0.250000,2.964394e-323,6.124496e-211,808.933725,195.054038,2.470328e-323,39.933906,2.351716,1.027099,0.373289,0,0.364513,0.318815,0.636876,0.833913,0.829556,6.000000
2870.000000,298.126568,1007.608875,0.337449,0.250000,2.964394e-323,6.138354e-212,808.933726,195.054038,2.470328e-323,39.933976,2.349134,1.021976,0.363775,0,0.364513,0.313104,0.636552,0.829798,0.825283,6.000000
2880.000000,298.108257,1007.601161,0.337332,0.250000,2.964394e-323,6.152550e-213,808.933727,195.054038,2.470328e-323,39.934046,2.346517,1.016879,0.356667,0,0.364514,0.308809,0.636223,0.826671,0.822031,6.000000
2890.000000,298.089753,1007.593447,0.337217,0.250000,2.964394e-323,6.167090e-214,808.933728,195.054038,2.470328e-323,39.934118,2.343874,1.011808,0.351301,0,0.364514,0.305550,0.635891,0.824277,0.819542,6.000000
2900.000000,298.071110,1007.585741,0.337104,0.250000,2.964394e-323,6.181979e-215,808.933729,195.054038,2.470328e-323,39.934189,2.341213,1.006761,0.347218,0,0.364515,0.303059,0.635555,0.822437,0.817627,6.000000
2910.000000,298.052364,1007.578048,0.336992,0.250000,2.964394e-323,6.197224e-216,808.933730,195.054038,2.470328e-323,39.934261,2.338541,1.001740,0.344090,0,0.364515,0.301145,0.635218,0.821016,0.816147,6.000000
2920.000000,298.033544,1007.570372,0.336882,0.250000,2.964394e-323,6.212827e-217,808.933730,195.054038,2.470328e-323,39.934334,2.335860,0.996744,0.341684,0,0.364516,0.299669,0.634879,0.819916,0.815002,6.000000
2930.000000,298.014669,1007.562716,0.336772,0.250000,2.964394e-323,6.228793e-218,808.933731,195.054038,2.470328e-323,39.934406,2.333175,0.991772,0.339827,0,0.364516,0.298528,0.634539,0.819062,0.814113,6.000000
2940.000000,297.995755,1007.555082,0.336663,0.250000,2.964394e-323,6.245126e-219,808.933732,195.054038,2.470328e-323,39.934478,2.330486,0.986826,0.338388,0,0.364516,0.297643,0.634198,0.818399,0.813421,6.000000
2950.000000,297.976814,1007.547471,0.336555,0.250000,2.964394e-323,6.261830e-220,808.933732,195.054038,2.470328e-323,39.934551,2.327797,0.981904,0.337272,0,0.364517,0.296955,0.633856,0.817882,0.812883,6.000000
2960.000000,297.957855,1007.539884,0.336447,0.250000,2.964394e-323,6.278909e-221,808.933733,195.054038,2.470328e-323,39.934623,2.325107,0.977007,0.336405,0,0.364517,0.296420,0.633514,0.817479,0.812463,6.000000
2970.000000,297.938884,1007.532323,0.336339,0.250000,2.964394e-323,6.296366e-222,808.933733,195.054038,2.470328e-323,39.934696,2.322419,0.972134,0.335730,0,0.364518,0.296003,0.633171,0.817165,0.812136,6.000000
2980.000000,297.919907,1007.524788,0.336232,0.250000,2.964394e-323,6.314204e-223,808.933733,195.054038,2.470328e-323,39.934768,2.319732,0.967285,0.335204,0,0.364518,0.295678,0.632828,0.816920,0.811880,6.000000
2990.000000,297.900927,1007.517280,0.336125,0.250000,2.964394e-323,6.332427e-224,808.933734,195.054038,2.470328e-323,39.934840,2.317048,0.962461,0.334794,0,0.364519,0.295425,0.632485,0.816728,0.811681,6.000000
3000.000000,297.881948,1007.509799,0.336017,0.250000,2.964394e-323,6.351039e-225,808.933734,195.054038,2.470328e-323,39.934913,2.314366,0.957661,0.334474,0,0.364519,0.295227,0.632142,0.816578,0.811525,6.000000
3010.000000,297.862973,1007.502345,0.335910,0.250000,2.964394e-323,6.370043e-226,808.933734,195.054038,2.470328e-323,39.934985,2.311688,0.952884,0.334225,0,0.364520,0.295073,0.631798,0.816461,0.811403,6.000000
3020.000000,297.844002,1007.494918,0.335804,0.250000,2.964394e-323,6.389444e-227,808.933735,195.054038,2.470328e-323,39.935057,2.309013,0.948132,0.334030,0,0.364520,0.294952,0.631455,0.816369,0.811307,6.000000
3030.000000,297.825038,1007.487518,0.335697,0.250000,2.964394e-323,6.409244e-228,808.933735,195.054038,2.470328e-323,39.935129,2.306342,0.943403,0.333878,0,0.364521,0.294858,0.631111,0.816298,0.811232,6.000000
3040.000000,297.806083,1007.480146,0.335590,0.250000,2.964394e-323,6.429447e-229,808.933735,195.054038,2.470328e-323,39.935201,2.303675,0.938698,0.333759,0,0.364521,0.294784,0.630767,0.816241,0.811173,6.000000
3050.000000,297.787135,1007.472801,0.335483,0.250000,2.964394e-323,6.450058e-230,808.933735,195.054038,2.470328e-323,39.935273,2.301012,0.934016,0.333666,0,0.364522,0.294726,0.630424,0.816197,0.811127,6.000000
3060.000000,297.768198,1007.465484,0.335377,0.250000,2.964394e-323,6.471079e-231,808.933736,195.054038,2.470328e-323,39.935344,2.298353,0.929358,0.333593,0,0.364522,0.294681,0.630080,0.816162,0.811091,6.000000
3070.000000,297.749270,1007.458194,0.335270,0.250000,2.964394e-323,6.492516e-232,808.933736,195.054038,2.470328e-323,39.935416,2.295698,0.924722,0.333536,0,0.364522,0.294646,0.629736,0.816135,0.811062,6.000000
3080.000000,297.730353,1007.450931,0.335163,0.250000,2.964394e-323,6.514372e-233,808.933736,195.054038,2.470328e-323,39.935487,2.293047,0.920110,0.333492,0,0.364523,0.294618,0.629392,0.816113,0.811040,6.000000
3090.000000,297.711447,1007.443695,0.335057,0.250000,2.964394e-323,6.536651e-234,808.933736,195.054038,2.470328e-323,39.935559,2.290400,0.915521,0.333457,0,0.364523,0.294597,0.629049,0.816096,0.811022,6.000000
3100.000000,297.692551,1007.436487,0.334950,0.250000,2.964394e-323,6.559357e-235,808.933736,195.054038,2.470328e-323,39.935630,2.287758,0.910955,0.333430,0,0.364524,0.294580,0.628705,0.816082,0.811008,6.000000
3110.000000,297.673668,1007.429306,0.334844,0.250000,2.964394e-323,6.582495e-236,808.933736,195.054038,2.470328e-323,39.935701,2.285120,0.906412,0.333409,0,0.364524,0.294566,0.628361,0.816071,0.810996,6.000000
3120.000000,297.654795,1007.422151,0.334737,0.250000,2.964394e-323,6.606069e-237,808.933736,195.054038,2.470328e-323,39.935772,2.282486,0.901891,0.333393,0,0.364525,0.294556,0.628018,0.816063,0.810987,6.000000
3130.000000,297.635935,1007.415024,0.334630,0.250000,2.964394e-323,6.630083e-238,808.933736,195.054038,2.470328e-323,39.935843,2.279857,0.897393,0.333380,0,0.364525,0.294548,0.627674,0.816056,0.810980,6.000000
3140.000000,297.617086,1007.407923,0.334524,0.250000,2.964394e-323,6.654542e-239,808.933737,195.054038,2.470328e-323,39.935913,2.277232,0.892917,0.333370,0,0.364526,0.294541,0.627331,0.816050,0.810974,6.000000
3150.000000,297.598249,1007.400849,0.334417,0.250000,2.964394e-323,6.679450e-240,808.933737,195.054038,2.470328e-323,39.935984,2.274611,0.888464,0.333362,0,0.364526,0.294536,0.626987,0.816046,0.810970,6.000000
3160.000000,297.579424,1007.393802,0.334311,0.250000,2.964394e-323,6.704813e-241,808.933737,195.054038,2.470328e-323,39.936055,2.271995,0.884032,0.333355,0,0.364527,0.294532,0.626644,0.816042,0.810966,6.000000
3170.000000,297.560611,1007.386781,0.334205,0.250000,2.964394e-323,6.730634e-242,808.933737,195.054038,2.470328e-323,39.936125,2.269383,0.879623,0.333351,0,0.364527,0.294529,0.626300,0.816039,0.810962,6.000000
3180.000000,297.541810,1007.379786,0.334098,0.250000,2.964394e-323,6.756920e-243,808.933737,195.054038,2.470328e-323,39.936195,2.266775,0.875236,0.333347,0,0.364527,0.294526,0.625957,0.816036,0.810960,6.000000
3190.000000,297.523021,1007.372817,0.333992,0.250000,2.964394e-323,6.783674e-244,808.933737,195.054038,2.470328e-323,39.936265,2.264172,0.870871,0.333344,0,0.364528,0.294524,0.625613,0.816034,0.810957,6.000000
3200.000000,297.504245,1007.365875,0.333885,0.250000,2.964394e-323,6.810902e-245,808.933737,195.054038,2.470328e-323,39.936335,2.261573,0.866527,0.333342,0,0.364528,0.294523,0.625270,0.816032,0.810955,6.000000
3210.000000,297.485481,1007.358959,0.333779,0.250000,2.964394e-323,6.838609e-246,808.933737,195.054038,2.470328e-323,39.936405,2.258978,0.862206,0.333340,0,0.364529,0.294521,0.624927,0.816030,0.810953,6.000000
3220.000000,297.466729,1007.352068,0.333673,0.250000,2.964394e-323,6.866800e-247,808.933737,195.054038,2.470328e-323,39.936475,2.256388,0.857905,0.333338,0,0.364529,0.294520,0.624584,0.816028,0.810952,6.000000
3230.000000,297.447989,1007.345203,0.333566,0.250000,2.964394e-323,6.895481e-248,808.933737,195.054038,2.470328e-323,39.936545,2.253802,0.853626,0.333337,0,0.364530,0.294519,0.624240,0.816027,0.810950,6.000000
3240.000000,297.429262,1007.338364,0.333460,0.250000,2.964394e-323,6.924658e-249,808.933737,195.054038,2.470328e-323,39.936614,2.251220,0.849369,0.333336,0,0.364530,0.294519,0.623897,0.816026,0.810949,6.000000
3250.000000,297.410547,1007.331551,0.333354,0.250000,2.964394e-323,6.954335e-250,808.933737,195.054038,2.470328e-323,39.936684,2.248643,0.845133,0.333336,0,0.364531,0.294518,0.623554,0.816024,0.810948,6.000000
3260.000000,297.391844,1007.324763,0.333247,0.250000,2.964394e-323,6.984519e-251,808.933737,195.054038,2.470328e-323,39.936753,2.246070,0.840918,0.333335,0,0.364531,0.294518,0.623211,0.816023,0.810947,6.000000
3270.000000,297.373154,1007.318000,0.333141,0.250000,2.964394e-323,7.015214e-252,808.933737,195.054038,2.470328e-323,39.936822,2.243502,0.836724,0.333335,0,0.364531,0.294517,0.622868,0.816022,0.810946,6.000000
3280.000000,297.354477,1007.311263,0.333035,0.250000,2.964394e-323,7.046429e-253,808.933737,195.054038,2.470328e-323,39.936891,2.240937,0.832550,0.333334,0,0.364532,0.294517,0.622526,0.816021,0.810945,6.000000
3290.000000,297.335812,1007.304550,0.332929,0.250000,2.964394e-323,7.078167e-254,808.933737,195.054038,2.470328e-323,39.936960,2.238377,0.828398,0.333334,0,0.364532,0.294516,0.622183,0.816020,0.810944,6.000000
3300.000000,297.317159,1007.297863,0.332822,0.250000,2.964394e-323,7.110436e-255,808.933737,195.054038,2.470328e-323,39.937029,2.235822,0.824266,0.333334,0,0.364533,0.294516,0.621840,0.816019,0.810943,6.000000
3310.000000,297.298519,1007.291201,0.332716,0.250000,2.964394e-323,7.143242e-256,808.933737,195.054038,2.470328e-323,39.937098,2.233270,0.820155,0.333334,0,0.364533,0.294516,0.621497,0.816018,0.810942,6.000000
3320.000000,297.279891,1007.284563,0.332610,0.250000,2.964394e-323,7.176591e-257,808.933737,195.054038,2.470328e-323,39.937167,2.230723,0.816065,0.333334,0,0.364534,0.294515,0.621155,0.816017,0.810941,6.000000
3330.000000,297.261276,1007.277950,0.332504,0.250000,2.964394e-323,7.210489e-258,808.933737,195.054038,2.470328e-323,39.937235,2.228180,0.811995,0.333334,0,0.364534,0.294515,0.620812,0.816016,0.810940,6.000000
3340.000000,297.242674,1007.271362,0.332398,0.250000,2.964394e-323,7.244944e-259,808.933737,195.054038,2.470328e-323,39.937304,2.225642,0.807945,0.333334,0,0.364535,0.294515,0.620470,0.816016,0.810939,6.000000
3350.000000,297.224084,1007.264798,0.332291,0.250000,2.964394e-323,7.279962e-260,808.933737,195.054038,2.470328e-323,39.937372,2.223108,0.803915,0.333334,0,0.364535,0.294515,0.620127,0.816015,0.810938,6.000000
3360.000000,297.205507,1007.258259,0.332185,0.250000,2.964394e-323,7.315550e-261,808.933737,195.054038,2.470328e-323,39.937440,2.220578,0.799906,0.333333,0,0.364535,0.294514,0.619785,0.816014,0.810937,6.000000
3370.000000,297.186943,1007.251743,0.332079,0.250000,2.964394e-323,7.351714e-262,808.933737,195.054038,2.470328e-323,39.937508,2.218052,0.795916,0.333333,0,0.364536,0.294514,0.619443,0.816013,0.810936,6.000000
3380.000000,297.168391,1007.245252,0.331973,0.250000,2.964394e-323,7.388463e-263,808.933737,195.054038,2.470328e-323,39.937576,2.215531,0.791946,0.333333,0,0.364536,0.294514,0.619100,0.816012,0.810935,6.000000
3390.000000,297.149852,1007.238786,0.331867,0.250000,2.964394e-323,7.425804e-264,808.933737,195.054038,2.470328e-323,39.937644,2.213014,0.787997,0.333333,0,0.364537,0.294514,0.618758,0.816011,0.810934,6.000000
3400.000000,297.131326,1007.232343,0.331761,0.250000,2.964394e-323,7.463743e-265,808.933737,195.054038,2.470328e-323,39.937712,2.210501,0.784066,0.333333,0,0.364537,0.294514,0.618416,0.816010,0.810934,6.000000
3410.000000,297.112813,1007.225924,0.331655,0.250000,2.964394e-323,7.502289e-266,808.933737,195.054038,2.470328e-323,39.937779,2.207993,0.780156,0.333333,0,0.364538,0.294513,0.618074,0.816010,0.810933,6.000000
3420.000000,297.094312,1007.219528,0.331549,0.250000,2.964394e-323,7.541449e-267,808.933737,195.054038,2.470328e-323,39.937847,2.205488,0.776265,0.333333,0,0.364538,0.294513,0.617732,0.816009,0.810932,6.000000
3430.000000,297.075824,1007.213157,0.331443,0.250000,2.964394e-323,7.581231e-268,808.933737,195.054038,2.470328e-323,39.937914,2.202988,0.772393,0.333333,0,0.364539,0.294513,0.617391,0.816008,0.810931,6.000000
3440.000000,297.057349,1007.206809,0.331337,0.250000,2.964394e-323,7.621643e-269,808.933737,195.054038,2.470328e-323,39.937981,2.200493,0.768541,0.333333,0,0.364539,0.294513,0.617049,0.816007,0.810930,6.000000
3450.000000,297.038888,1007.200484,0.331232,0.250000,2.964394e-323,7.662694e-270,808.933737,195.054038,2.470328e-323,39.938048,2.198001,0.764708,0.333333,0,0.364539,0.294513,0.616707,0.816006,0.810929,6.000000
3460.000000,297.020438,1007.194183,0.331126,0.250000,2.964394e-323,7.704391e-271,808.933737,195.054038,2.470328e-323,39.938115,2.195514,0.760894,0.333333,0,0.364540,0.294512,0.616366,0.816006,0.810929,6.000000
3470.000000,297.002002,1007.187905,0.331020,0.250000,2.964394e-323,7.746743e-272,808.933737,195.054038,2.470328e-323,39.938182,2.193031,0.757099,0.333333,0,0.364540,0.294512,0.616024,0.816005,0.810928,6.000000
3480.000000,296.983579,1007.181650,0.330914,0.250000,2.964394e-323,7.789759e-273,808.933737,195.054038,2.470328e-323,39.938249,2.190552,0.753323,0.333333,0,0.364541,0.294512,0.615683,0.816004,0.810927,6.000000
3490.000000,296.965169,1007.175419,0.330808,0.250000,2.964394e-323,7.833447e-274,808.933737,195.054038,2.470328e-323,39.938316,2.188078,0.749565,0.333333,0,0.364541,0.294512,0.615341,0.816003,0.810926,6.000000
3500.000000,296.946772,1007.169210,0.330703,0.250000,2.964394e-323,7.877817e-275,808.933738,195.054038,2.470328e-323,39.938382,2.185608,0.745827,0.333333,0,0.364542,0.294512,0.615000,0.816002,0.810925,6.000000
3510.000000,296.928388,1007.163024,0.330597,0.250000,2.964394e-323,7.922878e-276,808.933738,195.054038,2.470328e-323,39.938449,2.183142,0.742107,0.333333,0,0.364542,0.294511,0.614659,0.816001,0.810925,6.000000
3520.000000,296.910017,1007.156861,0.330491,0.250000,2.964394e-323,7.968639e-277,808.933738,195.054038,2.470328e-323,39.938515,2.180680,0.738406,0.333333,0,0.364542,0.294511,0.614318,0.816001,0.810924,6.000000
3530.000000,296.891659,1007.150721,0.330385,0.250000,2.964394e-323,8.015109e-278,808.933738,195.054038,2.470328e-323,39.938581,2.178222,0.734723,0.333333,0,0.364543,0.294511,0.613977,0.816000,0.810923,6.000000
3540.000000,296.873315,1007.144603,0.330280,0.250000,2.964394e-323,8.062298e-279,808.933738,195.054038,2.470328e-323,39.938648,2.175769,0.731059,0.333333,0,0.364543,0.294511,0.613636,0.815999,0.810922,6.000000
3550.000000,296.854983,1007.138507,0.330174,0.250000,2.964394e-323,8.110216e-280,808.933738,195.054038,2.470328e-323,39.938714,2.173320,0.727412,0.333333,0,0.364544,0.294511,0.613295,0.815998,0.810921,6.000000
3560.000000,296.836665,1007.132435,0.330069,0.250000,2.964394e-323,8.158873e-281,808.933738,195.054038,2.470328e-323,39.938779,2.170875,0.723784,0.333333,0,0.364544,0.294510,0.612955,0.815998,0.810921,6.000000
3570.000000,296.818359,1007.126384,0.329963,0.250000,2.964394e-323,8.208279e-282,808.933738,195.054038,2.470328e-323,39.938845,2.168434,0.720175,0.333333,0,0.364544,0.294510,0.612614,0.815997,0.810920,6.000000
3580.000000,296.800068,1007.120356,0.329858,0.250000,2.964394e-323,8.258445e-283,808.933738,195.054038,2.470328e-323,39.938911,2.165998,0.716583,0.333333,0,0.364545,0.294510,0.612274,0.815996,0.810919,6.000000
3590.000000,296.781789,1007.114349,0.329752,0.250000,2.964394e-323,8.309381e-284,808.933738,195.054038,2.470328e-323,39.938976,2.163565,0.713009,0.333333,0,0.364545,0.294510,0.611933,0.815995,0.810918,6.000000
3600.000000,296.763524,1007.108365,0.329647,0.250000,2.964394e-323,8.361099e-285,808.933738,195.054038,2.470328e-323,39.939042,2.161137,0.709453,0.333333,0,0.364546,0.294510,0.611593,0.815994,0.810917,6.000000
3610.000000,296.745272,1007.102403,0.329541,0.250000,2.964394e-323,8.413608e-286,808.933738,195.054038,2.470328e-323,39.939107,2.158713,0.705914,0.333333,0,0.364546,0.294509,0.611253,0.815994,0.810917,6.000000
3620.000000,296.727033,1007.096462,0.329436,0.250000,2.964394e-323,8.466921e-287,808.933738,195.054038,2.470328e-323,39.939172,2.156293,0.702393,0.333333,0,0.364547,0.294509,0.610913,0.815993,0.810916,6.000000
3630.000000,296.708808,1007.090543,0.329330,0.250000,2.964394e-323,8.521048e-288,808.933738,195.054038,2.470328e-323,39.939237,2.153878,0.698890,0.333333,0,0.364547,0.294509,0.610573,0.815992,0.810915,6.000000
3640.000000,296.690596,1007.084646,0.329225,0.250000,2.964394e-323,8.576002e-289,808.933738,195.054038,2.470328e-323,39.939302,2.151467,0.695405,0.333333,0,0.364547,0.294509,0.610233,0.815991,0.810914,6.000000
3650.000000,296.672398,1007.078771,0.329120,0.250000,2.964394e-323,8.631794e-290,808.933738,195.054038,2.470328e-323,39.939367,2.149059,0.691936,0.333333,0,0.364548,0.294509,0.609893,0.815991,0.810914,6.000000
3660.000000,296.654213,1007.072917,0.329015,0.250000,2.964394e-323,8.688436e-291,808.933738,195.054038,2.470328e-323,39.939432,2.146656,0.688485,0.333333,0,0.364548,0.294508,0.609554,0.815990,0.810913,6.000000
3670.000000,296.636041,1007.067084,0.328909,0.250000,2.964394e-323,8.745941e-292,808.933738,195.054038,2.470328e-323,39.939497,2.144258,0.685051,0.333333,0,0.364549,0.294508,0.609214,0.815989,0.810912,6.000000
3680.000000,296.617883,1007.061273,0.328804,0.250000,2.964394e-323,8.804322e-293,808.933738,195.054038,2.470328e-323,39.939561,2.141863,0.681635,0.333333,0,0.364549,0.294508,0.608875,0.815988,0.810911,6.000000
3690.000000,296.599739,1007.055483,0.328699,0.250000,2.964394e-323,8.863590e-294,808.933738,195.054038,2.470328e-323,39.939626,2.139472,0.678235,0.333333,0,0.364550,0.294508,0.608535,0.815988,0.810911,6.000000
3700.000000,296.581608,1007.049713,0.328594,0.250000,2.964394e-323,8.923759e-295,808.933738,195.054038,2.470328e-323,39.939690,2.137086,0.674852,0.333333,0,0.364550,0.294508,0.608196,0.815987,0.810910,6.000000
3710.000000,296.563491,1007.043965,0.328489,0.250000,2.964394e-323,8.984843e-296,808.933738,195.054038,2.470328e-323,39.939754,2.134704,0.671486,0.333333,0,0.364550,0.294507,0.607857,0.815986,0.810909,6.000000
3720.000000,296.545388,1007.038238,0.328384,0.250000,2.964394e-323,9.046855e-297,808.933738,195.054038,2.470328e-323,39.939818,2.132326,0.668137,0.333333,0,0.364551,0.294507,0.607518,0.815986,0.810908,6.000000
3730.000000,296.527298,1007.032532,0.328279,0.250000,2.964394e-323,9.109808e-298,808.933738,195.054038,2.470328e-323,39.939882,2.129952,0.664805,0.333333,0,0.364551,0.294507,0.607179,0.815985,0.810908,6.000000
3740.000000,296.509222,1007.026847,0.328174,0.250000,2.964394e-323,9.173717e-299,808.933738,195.054038,2.470328e-323,39.939946,2.127582,0.661489,0.333333,0,0.364552,0.294507,0.606841,0.815984,0.810907,6.000000
3750.000000,296.491160,1007.021182,0.328069,0.250000,2.964394e-323,9.238596e-300,808.933738,195.054038,2.470328e-323,39.940010,2.125217,0.658190,0.333333,0,0.364552,0.294507,0.606502,0.815983,0.810906,6.000000
3760.000000,296.473111,1007.015538,0.327964,0.250000,2.964394e-323,9.304459e-301,808.933738,195.054038,2.470328e-323,39.940073,2.122855,0.654907,0.333333,0,0.364552,0.294506,0.606163,0.815983,0.810905,6.000000
3770.000000,296.455077,1007.009914,0.327859,0.250000,2.964394e-323,9.371322e-302,808.933738,195.054038,2.470328e-323,39.940137,2.120498,0.651641,0.333333,0,0.364553,0.294506,0.605825,0.815982,0.810905,6.000000
3780.000000,296.437056,1007.004311,0.327754,0.250000,2.964394e-323,9.439200e-303,808.933738,195.054038,2.470328e-323,39.940200,2.118145,0.648391,0.333333,0,0.364553,0.294506,0.605487,0.815981,0.810904,6.000000
3790.000000,296.419049,1006.998728,0.327650,0.250000,2.964394e-323,9.508107e-304,808.933738,195.054038,2.470328e-323,39.940264,2.115796,0.645157,0.333333,0,0.364554,0.294506,0.605149,0.815981,0.810903,6.000000
3800.000000,296.401056,1006.993165,0.327545,0.250000,2.964394e-323,9.578061e-305,808.933738,195.054038,2.470328e-323,39.940327,2.113451,0.641939,0.333333,0,0.364554,0.294506,0.604811,0.815980,0.810903,6.000000
3810.000000,296.383076,1006.987623,0.327440,0.250000,2.964394e-323,9.649076e-306,808.933738,195.054038,2.470328e-323,39.940390,2.111110,0.638738,0.333333,0,0.364554,0.294506,0.604473,0.815979,0.810902,6.000000
3820.000000,296.365111,1006.982100,0.327335,0.250000,2.964394e-323,9.721170e-307,808.933738,195.054038,2.470328e-323,39.940453,2.108773,0.635552,0.333333,0,0.364555,0.294505,0.604135,0.815978,0.810901,6.000000
3830.000000,296.347160,1006.976598,0.327231,0.250000,2.964394e-323,9.794358e-308,808.933738,195.054038,2.470328e-323,39.940516,2.106441,0.632382,0.333333,0,0.364555,0.294505,0.603798,0.815978,0.810900,6.000000
3840.000000,296.329223,1006.971116,0.327126,0.250000,2.964394e-323,9.868658e-309,808.933738,195.054038,2.470328e-323,39.940578,2.104112,0.629228,0.333333,0,0.364556,0.294505,0.603460,0.815977,0.810900,6.000000
3850.000000,296.311300,1006.965653,0.327022,0.250000,2.964394e-323,9.944087e-310,808.933738,195.054038,2.470328e-323,39.940641,2.101788,0.626090,0.333333,0,0.364556,0.294505,0.603123,0.815976,0.810899,6.000000
3860.000000,296.293390,1006.960210,0.326917,0.250000,2.964394e-323,1.002066e-310,808.933738,195.054038,2.470328e-323,39.940704,2.099468,0.622967,0.333333,0,0.364556,0.294505,0.602786,0.815976,0.810898,6.000000
3870.000000,296.275496,1006.954787,0.326813,0.250000,2.964394e-323,1.009840e-311,808.933738,195.054038,2.470328e-323,39.940766,2.097152,0.619860,0.333333,0,0.364557,0.294504,0.602449,0.815975,0.810898,6.000000
3880.000000,296.257615,1006.949383,0.326708,0.250000,2.964394e-323,1.017733e-312,808.933738,195.054038,2.470328e-323,39.940828,2.094840,0.616768,0.333333,0,0.364557,0.294504,0.602112,0.815974,0.810897,6.000000
3890.000000,296.239748,1006.943999,0.326604,0.250000,2.964394e-323,1.025745e-313,808.933738,195.054038,2.470328e-323,39.940891,2.092532,0.613692,0.333333,0,0.364558,0.294504,0.601775,0.815974,0.810896,6.000000
3900.000000,296.221896,1006.938635,0.326500,0.250000,2.964394e-323,1.033880e-314,808.933738,195.054038,2.470328e-323,39.940953,2.090228,0.610632,0.333333,0,0.364558,0.294504,0.601438,0.815973,0.810896,6.000000
3910.000000,296.204057,1006.933289,0.326395,0.250000,2.964394e-323,1.042139e-315,808.933738,195.054038,2.470328e-323,39.941015,2.087928,0.607586,0.333333,0,0.364558,0.294504,0.601102,0.815972,0.810895,6.000000
3920.000000,296.186234,1006.927963,0.326291,0.250000,2.964394e-323,1.050523e-316,808.933738,195.054038,2.470328e-323,39.941076,2.085632,0.604556,0.333333,0,0.364559,0.294504,0.600766,0.815972,0.810894,6.000000
3930.000000,296.168424,1006.922657,0.326187,0.250000,2.964394e-323,1.059035e-317,808.933738,195.054038,2.470328e-323,39.941138,2.083341,0.601540,0.333333,0,0.364559,0.294503,0.600429,0.815971,0.810894,6.000000
3940.000000,296.150629,1006.917369,0.326083,0.250000,2.964394e-323,1.067681e-318,808.933738,195.054038,2.470328e-323,39.941200,2.081053,0.598540,0.333333,0,0.364560,0.294503,0.600093,0.815970,0.810893,6.000000
3950.000000,296.132848,1006.912100,0.325979,0.250000,2.964394e-323,1.076421e-319,808.933738,195.054038,2.470328e-323,39.941261,2.078770,0.595555,0.333333,0,0.364560,0.294503,0.599757,0.815970,0.810892,6.000000
3960.000000,296.115081,1006.906851,0.325875,0.250000,2.964394e-323,1.085462e-320,808.933738,195.054038,2.470328e-323,39.941323,2.076491,0.592585,0.333333,0,0.364560,0.294503,0.599422,0.815969,0.810892,6.000000
3970.000000,296.097329,1006.901620,0.325771,0.250000,2.964394e-323,1.096826e-321,808.933738,195.054038,2.470328e-323,39.941384,2.074215,0.589629,0.333333,0,0.364561,0.294503,0.599086,0.815968,0.810891,6.000000
3980.000000,296.079592,1006.896408,0.325667,0.250000,2.964394e-323,1.333977e-322,808.933738,195.054038,2.470328e-323,39.941445,2.071944,0.586688,0.333333,0,0.364561,0.294502,0.598751,0.815968,0.810890,6.000000
3990.000000,296.061869,1006.891215,0.325563,0.250000,2.964394e-323,6.422853e-323,808.933738,195.054038,2.470328e-323,39.941506,2.069677,0.583762,0.333333,0,0.364562,0.294502,0.598415,0.815967,0.810890,6.000000
4000.000000,296.044160,1006.886040,0.325459,0.250000,2.964394e-323,6.422853e-323,808.933738,195.054038,2.470328e-323,39.941567,2.067414,0.580851,0.333333,0,0.364562,0.294502,0.598080,0.815966,0.810889,6.000000
