year,T,P,albedo,co2_atm,co2_cap,co2_reg,n2,o2,h2o_ice,h2o_liq,h2o_vap,ghg,biomass,iceFrac,oceanFrac,vegFrac,cloudFrac,progress,progressRaw,phase,releaseRate,capRadius,atmoThickness,dustIntensity,clearFraction,skyR,skyG,skyB,tintR,tintG,tintB
0,213.037182,6.210000,0.250321,6.000000,40.000000,300.000000,0.200000,0.010000,40.000000,0,0,0,0,0.186792,0,0,0,0.106864,0,0,0,0.395439,0.020487,0,0.033816,0.146765,0.115459,0.100924,0.800438,0.865965,0.947127
10.000000,214.532279,6.233117,0.251958,5.997001,40.000000,300.000000,0.199900,0.009995,39.999555,0,0.016488,0.009733,0,0.186791,0,0,0.008204,0.109126,0,1.000000,0,0.395437,0.020563,0,0.033674,0.147131,0.115710,0.101050,0.804079,0.868045,0.946997
20.000000,217.002941,6.332787,0.252450,6.061683,39.932316,300.000000,0.199800,0.009990,39.999408,0,0.021955,0.039359,0,0.186679,0,0,0.010907,0.112426,0,2.000000,0.040084,0.395314,0.020888,0.044538,0.033128,0.148706,0.116792,0.101598,0.810094,0.871482,0.946782
30.000000,219.950480,7.342641,0.252630,7.023241,38.967542,300.000000,0.199700,0.009985,39.999172,0,0.030679,0.079036,0,0.185076,0,0,0.015202,0.115883,0,2.000000,0.155996,0.393557,0.024178,0.173329,0.028557,0.164449,0.127618,0.107086,0.817271,0.875583,0.946526
40.000000,223.413375,9.536957,0.248014,9.208881,36.777912,300.000000,0.199600,0.009980,39.999999,0,4.155538e-13,0.118496,0,0.181428,0,0,2.078004e-13,0.119353,0,2.000000,0.283661,0.389533,0.031290,0.315179,0.021976,0.197316,0.150221,0.118544,0.825702,0.880401,0.946225
50.000000,226.973472,12.979869,0.245554,12.612655,33.368753,300.000000,0.199501,0.009975,39.999999,0,1.763022e-30,0.157739,0,0.175706,0,0,0,0.122771,0,2.000000,0.399620,0.383145,0.042344,0.444023,0.016139,0.245386,0.183277,0.135301,0.834370,0.885354,0.945915
60.000000,230.782599,17.552225,0.242264,17.146088,28.856189,299.971768,0.199401,0.009970,39.999999,0,7.479768e-48,0.196766,0,0.168056,0,0,0,0.126249,0,2.000000,0.535492,0.374456,0.056829,0.594991,0.011928,0.303152,0.222998,0.155432,0.843645,0.890654,0.945584
70.000000,234.062837,23.933699,0.238292,23.488853,23.474779,299.000381,0.199301,0.009965,39.999999,0,3.173354e-65,0.235580,0,0.158819,0,0,0,0.129393,0,2.000000,0.741945,0.363722,0.076680,0.824384,0.008744,0.373492,0.271360,0.179936,0.851631,0.895218,0.945299
80.000000,237.750062,32.394800,0.233757,31.911458,17.417599,296.621244,0.199202,0.009960,39.999999,0,1.346322e-82,0.274181,0,0.148273,0,0,0,0.132938,0,2.000000,0.948916,0.351111,0.102357,1.000000,0.006457,0.451023,0.324657,0.206928,0.860609,0.900348,0.944978
90.000000,241.680376,42.845511,0.228722,42.323884,10.797967,292.810035,0.199102,0.009955,39.999999,0,5.711885e-100,0.312570,0,0.136564,0,0,0,0.136725,0,2.000000,1.137621,0.336615,0.133088,1.000000,0.004879,0.526696,0.376664,0.233252,0.870178,0.905816,0.944636
100.000000,245.681419,55.034650,0.223271,54.474949,3.752805,287.680074,0.199002,0.009950,39.999999,0,2.423315e-117,0.350748,0,0.123887,0,0,0,0.140595,0,2.000000,1.295732,0.320255,0.167606,1.000000,0.003797,0.593267,0.422402,0.256382,0.879920,0.911383,0.944289
110.000000,248.604917,64.862909,0.220413,64.265343,0.107465,281.505057,0.198903,0.009945,39.999999,0,1.028112e-134,0.388718,0,0.117239,0,0,0,0.143426,0,2.000000,0.689755,0.311364,0.194434,0.766394,0.003220,0.633973,0.450358,0.270506,0.887038,0.915450,0.944034
120.000000,250.501461,71.688851,0.220330,71.053629,0.002143,274.788309,0.198804,0.009940,39.999999,0,4.361851e-152,0.426478,0,0.117046,0,0,0,0.145269,0,2.000000,0.694076,0.311103,0.212556,0.771196,0.002912,0.656900,0.466098,0.278452,0.891656,0.918089,0.943869
130.000000,252.337984,78.811612,0.220328,78.138941,4.067719e-5,267.667862,0.198704,0.009935,39.999999,0,1.850552e-169,0.464032,0,0.117042,0,0,0,0.147076,0,2.000000,0.730959,0.311097,0.231032,0.812176,0.002647,0.676998,0.479892,0.285409,0.896127,0.920644,0.943710
140.000000,254.132902,86.281927,0.220328,85.572012,7.415076e-7,260.193963,0.198605,0.009930,39.999999,0,7.851122e-187,0.501380,0,0.117042,0,0,0,0.148864,0,2.000000,0.763910,0.311097,0.249943,0.848789,0.002417,0.694563,0.491943,0.291481,0.900498,0.923141,0.943554
150.000000,255.880439,94.058008,0.220328,93.309635,1.307413e-8,252.411681,0.199925,0.009925,39.999999,0,3.330905e-204,0.538523,0,0.117042,0,0,0,0.150625,0,2.000000,0.792587,0.311097,0.269135,0.880652,0.002231,0.709676,0.502313,0.296708,0.904752,0.925573,0.943402
160.000000,257.577180,102.107659,0.220328,101.311056,2.242893e-10,244.361665,0.211221,0.009920,39.999999,0,1.413164e-221,0.575462,0,0.117042,0,0,0,0.152358,0,2.000000,0.817439,0.311097,0.288485,0.908265,0.002166,0.722520,0.511157,0.301206,0.908884,0.927933,0.943254
170.000000,259.220666,110.395823,0.220328,109.540147,3.761862e-12,236.079922,0.233562,0.009915,39.999999,0,5.995468e-239,0.612198,0,0.117042,0,0,0,0.154060,0,2.000000,0.838923,0.311097,0.307873,0.932137,0.002205,0.733309,0.518619,0.305045,0.912885,0.930220,0.943111
180.000000,260.809740,118.890387,0.220328,117.965285,6.193107e-14,227.597968,0.266457,0.009910,39.999999,0,2.543628e-256,0.648734,0,0.117042,0,0,0,0.155725,0,2.000000,0.857478,0.311097,0.327196,0.952753,0.002325,0.742282,0.524857,0.308295,0.916754,0.932431,0.942973
190.000000,262.344366,127.563418,0.220328,126.559075,1.003967e-15,218.943108,0.309370,0.009905,39.999999,0,1.079155e-273,0.685068,0,0.117042,0,0,0,0.157352,0,2.000000,0.873505,0.311097,0.346368,0.970561,0.002503,0.749679,0.530030,0.311031,0.920491,0.934566,0.942840
200.000000,263.825324,136.390793,0.220328,135.297953,1.606822e-17,210.138826,0.361736,0.009900,39.999999,0,4.578407e-291,0.721204,0,0.117042,0,0,0,0.158941,0,2.000000,0.887364,0.311097,0.365321,0.985960,0.002725,0.755736,0.534295,0.313323,0.924096,0.936627,0.942711
210.000000,265.253973,145.351766,0.220328,144.161744,2.544343e-19,201.205231,0.422986,0.009896,39.999999,0,1.942428e-308,0.757141,0,0.117042,0,0,0,0.160490,0,2.000000,0.899370,0.311097,0.383999,0.999300,0.002978,0.760663,0.537793,0.315241,0.927575,0.938614,0.942587
220.000000,266.632051,154.428544,0.220328,153.133221,3.992953e-21,192.159491,0.492551,0.009891,39.999999,0,0,0.792881,0,0.117042,0,0,0,0.162000,0,2.000000,0.909795,0.311097,0.402357,1.000000,0.003254,0.764652,0.540653,0.316843,0.930930,0.940532,0.942467
230.000000,267.961534,163.605877,0.220328,162.197686,6.219248e-23,183.016253,0.569880,0.009886,39.999999,0,0,0.828425,0,0.117042,0,0,0,0.163471,0,2.000000,0.918872,0.311097,0.420363,1.000000,0.003544,0.767868,0.542985,0.318183,0.934167,0.942381,0.942351
240.000000,269.244528,172.870695,0.220328,171.342600,9.625223e-25,173.788016,0.654441,0.009881,39.999999,0,0,0.863774,0,0.117042,0,0,0,0.164904,0,2.000000,0.926797,0.311097,0.437990,1.000000,0.003843,0.770451,0.544884,0.319306,0.937291,0.944166,0.942240
250.000000,270.483189,182.211783,0.220328,180.557251,1.481591e-26,164.485450,0.745727,0.009876,39.999999,0,0,0.898929,0,0.117042,0,0,0,0.166300,0,2.000000,0.933738,0.311097,0.455220,1.000000,0.004147,0.772520,0.546430,0.320251,0.940307,0.945890,0.942132
260.000000,271.679665,191.619502,0.220328,189.832479,2.270044e-28,155.117686,0.843261,0.009871,39.999999,0,0,0.933891,0,0.117042,0,0,0,0.167661,0,2.000000,0.939837,0.311097,0.472038,1.000000,0.004452,0.774173,0.547689,0.321051,0.943220,0.947554,0.942028
270.000000,272.836066,201.085549,0.220328,199.160428,3.464289e-30,145.692549,0.946593,0.009866,39.999999,0,0,0.968662,0,0.117042,0,0,0,0.168987,0,2.000000,0.945213,0.311097,0.488437,1.000000,0.004756,0.775491,0.548718,0.321732,0.946036,0.949163,0.941927
280.000000,273.979530,210.605793,0.219974,208.534668,5.268622e-32,136.216446,1.055341,0.009861,39.710466,0.289461,0.002681,1.003242,0,0.116256,0.003610,0,0.001339,0.172521,0,3.000000,0.950068,0.310029,0.504416,0.996390,0.005058,0.776541,0.549560,0.322316,0.948820,0.950754,0.941828
290.000000,275.082299,220.194026,0.219715,217.950009,7.988505e-34,126.694546,1.169190,0.009856,38.342758,1.656504,0.027338,1.037632,0,0.112529,0.020423,0,0.013560,0.182725,0,3.000000,0.954352,0.304921,0.520005,0.979577,0.005355,0.777378,0.550253,0.322821,0.951505,0.952288,0.941732
300.000000,276.145406,229.843661,0.219560,227.401193,1.208079e-35,117.132085,1.287763,0.009851,35.886595,4.111435,0.073020,1.071834,0,0.105790,0.049672,0,0.035737,0.195832,0,3.000000,0.958141,0.295476,0.535199,0.950328,0.005646,0.778045,0.550826,0.323262,0.954093,0.953768,0.941640
310.000000,277.169636,240.039294,0.220124,237.370646,1.822835e-37,107.046545,1.410651,0.009846,32.391091,7.605071,0.142303,1.105848,0,0.096093,0.089285,0,0.068255,0.209154,0,3.000000,0.961500,0.281372,0.550730,0.910715,0.005918,0.778597,0.551313,0.323649,0.956587,0.955193,0.941550
320.000000,278.166072,251.214501,0.221727,248.291863,2.744969e-39,96.004010,1.537573,0.009841,27.880868,12.112779,0.235548,1.139675,0,0.083393,0.137105,0,0.109979,0.221741,0,3.000000,0.964513,0.261834,0.567158,0.862895,0.006160,0.779061,0.551728,0.323985,0.959013,0.956579,0.941464
330.000000,279.069825,262.616358,0.224341,259.422850,4.126599e-41,84.746166,1.668125,0.009836,22.880868,17.109901,0.342230,1.173317,0,0.069065,0.186082,0,0.154991,0.232414,0,3.000000,0.967045,0.237988,0.583300,0.813918,0.006389,0.779422,0.552066,0.324274,0.961213,0.957836,0.941385
340.000000,279.891633,274.041373,0.227593,270.571622,6.194988e-43,73.464966,1.801818,0.009831,17.880868,22.106955,0.451328,1.206774,0,0.054468,0.231145,0,0.198192,0.241083,0,3.000000,0.969193,0.211085,0.598871,0.768855,0.006611,0.779697,0.552342,0.324528,0.963214,0.958980,0.941314
350.000000,280.648394,285.484784,0.231269,281.734805,9.289180e-45,62.163778,1.938273,0.009827,12.880868,27.103971,0.561832,1.240048,0,0.039599,0.272607,0,0.239214,0.248405,0,3.000000,0.971049,0.179755,0.613883,0.727393,0.006824,0.779908,0.552570,0.324752,0.965057,0.960033,0.941248
360.000000,281.353148,296.942998,0.235206,292.909807,1.391475e-46,50.845186,2.077188,0.009822,7.880868,32.100966,0.673043,1.273139,0,0.024452,0.310755,0,0.277891,0.254754,0,3.000000,0.972677,0.141071,0.628353,0.689245,0.007028,0.780069,0.552761,0.324953,0.966773,0.961013,0.941187
370.000000,281.741014,307.442608,0.242186,300.598398,2.082900e-48,39.514345,2.217851,2.550231,2.880868,37.098341,0.770078,1.306049,0.950991,0.009021,0.345858,0.622823,0.309633,0.389118,0.145619,4.000000,0.973535,0.085576,0.641135,0.654142,0.015509,0.780788,0.556530,0.331155,0.967717,0.961553,0.941153
380.000000,282.342360,318.106239,0.245948,308.937103,3.115991e-50,28.172748,2.360071,4.621587,0.035736,39.941344,0.848700,1.338778,0.999947,0.000112,0.364561,0.635303,0.334055,0.399953,0.170640,4.000000,0.974812,0.009549,0.653667,0.635439,0.021948,0.781335,0.559394,0.335865,0.969181,0.962389,0.941101
390.000000,282.950254,328.764170,0.249257,317.384660,4.658179e-52,16.818555,2.504159,6.618870,0.000171,39.975914,0.885153,1.371328,1.000000,5.388665e-7,0.364783,0.635217,0.345000,0.407281,0.188182,4.000000,0.976041,0.000661,0.665755,0.635217,0.027749,0.781818,0.561968,0.340106,0.970661,0.963235,0.941048
400.000000,283.539229,339.428111,0.252498,325.838174,6.959061e-54,5.454289,2.650033,8.615074,8.198762e-7,39.975103,0.921130,1.403700,1.000000,2.581092e-9,0.364777,0.635223,0.355575,0.414303,0.202903,4.000000,0.977176,4.574007e-5,0.677427,0.635223,0.033188,0.782260,0.564374,0.344078,0.972096,0.964055,0.940997
410.000000,283.859202,344.970259,0.254378,328.331376,1.039095e-55,0.046955,3.650359,10.610280,3.927086e-9,39.974519,0.942351,1.435893,1.000000,1.236309e-11,0.364774,0.635226,0.361709,0.420366,0.217590,4.000000,0.022956,3.165622e-6,0.683332,0.016202,0.041339,0.782873,0.567944,0.350012,0.972875,0.964500,0.940969
420.000000,283.984641,346.887581,0.255072,325.464670,1.551264e-57,0.000188,6.400264,12.604488,1.881016e-11,39.974294,0.950248,1.467910,1.000000,5.926371e-14,0.364772,0.635228,0.363972,0.426017,0.233902,4.000000,9.197933e-5,2.192153e-7,0.685349,6.491982e-5,0.054786,0.783857,0.573815,0.359793,0.973180,0.964674,0.940958
430.000000,284.129381,349.655604,0.255883,322.552836,2.315564e-59,7.524123e-7,10.045786,14.597700,9.009789e-14,39.974031,0.959531,1.499752,1.000000,2.831069e-16,0.364770,0.635230,0.366618,0.431869,0.249706,4.000000,3.680271e-7,1.643088e-8,0.688239,2.597574e-7,0.070479,0.785007,0.580668,0.371208,0.973532,0.964876,0.940945
440.000000,284.271564,352.422241,0.256683,319.642270,3.455947e-61,3.005305e-9,13.689904,16.589916,4.315556e-16,39.973770,0.968732,1.531419,1.000000,0,0.364769,0.635231,0.369228,0.437565,0.263753,4.000000,1.470364e-9,0,0.691101,1.037801e-9,0.085919,0.786137,0.587410,0.382439,0.973879,0.965073,0.940933
450.000000,284.411318,355.187670,0.257471,316.733159,5.157253e-63,1.198667e-11,17.332611,18.581136,2.067088e-18,39.973511,0.977852,1.562912,1.000000,0,0.364767,0.635233,0.371800,0.443118,0.276502,4.000000,5.866026e-12,0,0.693935,4.140325e-12,0.101112,0.787250,0.594044,0.393490,0.974219,0.965268,0.940921
460.000000,284.548742,357.951886,0.258249,313.825503,7.695072e-65,4.774225e-14,20.973896,20.571360,9.901044e-21,39.973254,0.986896,1.594232,1.000000,0,0.364765,0.635235,0.374337,0.448539,0.288241,4.000000,2.336979e-14,0,0.696742,1.649477e-14,0.116064,0.788344,0.600573,0.404365,0.974553,0.965459,0.940909
470.000000,284.683927,360.714885,0.259016,310.919299,1.148026e-66,1.898973e-16,24.613752,22.560589,4.742454e-23,39.972999,0.995864,1.625381,1.000000,0,0.364764,0.635236,0.376840,0.453839,0.299170,4.000000,9.297663e-17,0,0.699523,6.562458e-17,0.130780,0.789420,0.606999,0.415070,0.974883,0.965647,0.940897
480.000000,284.816960,363.476662,0.259773,308.014549,1.712525e-68,7.543305e-19,28.252169,24.548825,2.271565e-25,39.972746,1.004761,1.656359,1.000000,0,0.364762,0.635238,0.379310,0.459027,0.309429,4.000000,3.694173e-19,0,0.702276,2.607420e-19,0.145267,0.790480,0.613324,0.425607,0.975207,0.965832,0.940885
490.000000,284.947924,366.237212,0.260520,305.111250,2.554288e-70,2.992587e-21,31.889141,26.536066,1.088046e-27,39.972494,1.013589,1.687167,1.000000,0,0.364761,0.635239,0.381747,0.464110,0.319123,4.000000,1.465886e-21,0,0.705003,1.034654e-21,0.159528,0.791523,0.619551,0.435981,0.975525,0.966015,0.940874
500.000000,285.076894,368.996531,0.261258,302.209403,3.809360e-72,1.185737e-23,35.524660,28.522314,5.211581e-30,39.972245,1.022350,1.717805,1.000000,0,0.364759,0.635241,0.384154,0.469096,0.328334,4.000000,5.809480e-24,0,0.707704,4.100466e-24,0.173571,0.792549,0.625682,0.446195,0.975839,0.966194,0.940863
510.000000,285.203943,371.754615,0.261987,299.309006,5.680479e-74,4.692460e-26,39.158718,30.507569,2.496270e-32,39.971996,1.031046,1.748276,1.000000,0,0.364757,0.635243,0.386531,0.473991,0.337126,4.000000,2.299547e-26,0,0.710379,1.623078e-26,0.187399,0.793560,0.631719,0.456253,0.976149,0.966371,0.940852
520.000000,285.329139,374.511460,0.262706,296.410059,8.469737e-76,1.854796e-28,42.791310,32.491831,1.195677e-34,39.971750,1.039680,1.778580,1.000000,0,0.364756,0.635244,0.388879,0.478800,0.345550,4.000000,9.091352e-29,0,0.713028,6.416920e-29,0.201017,0.794555,0.637665,0.466159,0.976454,0.966545,0.940841
530.000000,285.452548,377.267062,0.263417,293.512561,1.262723e-77,7.322983e-31,46.422427,34.475102,5.727114e-37,39.971505,1.048254,1.808718,1.000000,0,0.364754,0.635246,0.391199,0.483530,0.353648,4.000000,3.590118e-31,0,0.715652,2.534008e-31,0.214430,0.795534,0.643521,0.475916,0.976754,0.966717,0.940830
540.000000,285.574229,380.021418,0.264120,290.616512,1.882352e-79,2.887940e-33,50.052065,36.457381,2.743203e-39,39.971261,1.056770,1.838690,1.000000,0,0.364753,0.635247,0.393492,0.488184,0.361456,4.000000,1.416104e-33,0,0.718251,9.995289e-34,0.227644,0.796499,0.649290,0.485527,0.977050,0.966886,0.940820
550.000000,285.694240,382.774524,0.264815,287.721910,2.805752e-81,1.137648e-35,53.680217,38.438670,1.313954e-41,39.971019,1.065229,1.868497,1.000000,0,0.364751,0.635249,0.395758,0.492767,0.369002,4.000000,5.579550e-36,0,0.720825,3.938226e-36,0.240661,0.797450,0.654973,0.494996,0.977342,0.967053,0.940809
560.000000,285.812637,385.526377,0.265501,284.828756,4.181716e-83,4.476711e-38,57.306878,40.418968,6.293645e-44,39.970778,1.073634,1.898142,1.000000,0,0.364750,0.635250,0.397998,0.497284,0.376312,4.000000,2.196001e-38,0,0.723374,1.550011e-38,0.253487,0.798386,0.660572,0.504325,0.977631,0.967218,0.940799
570.000000,285.929471,388.276973,0.266180,281.937047,6.231860e-85,1.759753e-40,60.932042,42.398276,3.014563e-46,39.970538,1.081985,1.927624,1.000000,0,0.364748,0.635252,0.400213,0.501736,0.383407,4.000000,8.633871e-41,0,0.725898,6.094092e-41,0.266125,0.799308,0.666089,0.513518,0.977915,0.967380,0.940789
580.000000,286.044792,391.026310,0.266852,279.046784,9.286236e-87,6.910293e-43,64.555703,44.376595,1.443931e-48,39.970300,1.090285,1.956943,1.000000,0,0.364747,0.635253,0.402404,0.506129,0.390306,4.000000,3.391008e-43,0,0.728399,2.393500e-43,0.278580,0.800217,0.671527,0.522578,0.978196,0.967541,0.940779
590.000000,286.158646,393.774386,0.267516,276.157966,1.383635e-88,2.710834e-45,68.177857,46.353925,6.916216e-51,39.970063,1.098536,1.986103,1.000000,0,0.364745,0.635255,0.404571,0.510465,0.397024,4.000000,1.330492e-45,0,0.730876,9.391129e-46,0.290856,0.801113,0.676885,0.531507,0.978473,0.967699,0.940769
600.000000,286.271078,396.521196,0.268173,273.270591,2.061411e-90,1.062383e-47,71.798499,48.330266,3.312766e-53,39.969827,1.106738,2.015102,1.000000,0,0.364743,0.635257,0.406714,0.514746,0.403577,4.000000,5.215133e-48,0,0.733328,3.681052e-48,0.302957,0.801995,0.682167,0.540308,0.978747,0.967855,0.940759
610.000000,286.382131,399.266739,0.268823,270.384660,3.070924e-92,4.159485e-50,75.417624,50.305619,1.586766e-55,39.969592,1.114893,2.043942,1.000000,0,0.364742,0.635258,0.408836,0.518976,0.409976,5.000000,2.042196e-50,0,0.735758,1.441468e-50,0.314885,0.802865,0.687375,0.548985,0.979017,0.968010,0.940749
620.000000,286.491845,402.011012,0.269467,267.500172,4.574423e-94,1.627000e-52,79.035228,52.279985,7.600374e-58,39.969359,1.123002,2.072624,1.000000,0,0.364740,0.635260,0.410935,0.523158,0.416233,5.000000,7.989461e-53,0,0.738164,5.639312e-53,0.326646,0.803723,0.692508,0.557539,0.979284,0.968163,0.940740
630.000000,286.600259,404.754012,0.270104,264.617126,6.813451e-96,6.358189e-55,82.651306,54.253365,3.640467e-60,39.969126,1.131067,2.101149,1.000000,0,0.364739,0.635261,0.413013,0.527292,0.422358,5.000000,3.122726e-55,0,0.740547,2.204162e-55,0.338242,0.804569,0.697570,0.565974,0.979548,0.968313,0.940730
640.000000,286.707409,407.495738,0.270734,261.735520,1.014757e-97,2.482479e-57,86.265855,56.225757,1.743730e-62,39.968895,1.139089,2.129517,1.000000,0,0.364737,0.635263,0.415070,0.531382,0.428359,5.000000,1.219425e-57,0,0.742907,8.607277e-58,0.349676,0.805402,0.702561,0.574291,0.979809,0.968462,0.940721
650.000000,286.813331,410.236187,0.271359,258.855355,1.511202e-99,9.683932e-60,89.878870,58.197164,8.352208e-65,39.968664,1.147068,2.157730,1.000000,0,0.364736,0.635264,0.417107,0.535429,0.434246,5.000000,4.757611e-60,0,0.745245,3.358155e-60,0.360953,0.806224,0.707483,0.582493,0.980067,0.968610,0.940712
660.000000,286.918058,412.975357,0.271977,255.976630,2.250342e-101,3.774329e-62,93.490347,60.167585,4.000584e-67,39.968435,1.155007,2.185787,1.000000,0,0.364735,0.635265,0.419124,0.539436,0.440025,5.000000,1.854570e-62,0,0.747561,1.309049e-62,0.372075,0.807035,0.712338,0.590583,0.980322,0.968756,0.940703
670.000000,287.021623,415.713246,0.272589,253.099344,3.350744e-103,1.469796e-64,97.100284,62.137022,1.916221e-69,39.968207,1.162905,2.213691,1.000000,0,0.364733,0.635267,0.421121,0.543404,0.445702,5.000000,7.223132e-65,0,0.749854,5.098463e-65,0.383046,0.807834,0.717127,0.598562,0.980574,0.968900,0.940694
680.000000,287.124056,418.449852,0.273195,250.223496,4.988859e-105,5.718875e-67,100.708675,64.105473,9.178414e-72,39.967979,1.170765,2.241442,1.000000,0,0.364732,0.635268,0.423099,0.547335,0.451285,5.000000,2.810884e-67,0,0.752126,1.984073e-67,0.393868,0.808623,0.721850,0.606434,0.980824,0.969042,0.940685
690.000000,287.225388,421.185174,0.273796,247.349086,7.427270e-107,2.223348e-69,104.315518,66.072941,4.396325e-74,39.967752,1.178587,2.269041,1.000000,0,0.364730,0.635270,0.425059,0.551230,0.456778,5.000000,1.092955e-69,0,0.754375,7.714684e-70,0.404545,0.809401,0.726510,0.614200,0.981071,0.969183,0.940676
700.000000,287.325645,423.919209,0.274391,244.476113,1.105671e-108,8.636833e-72,107.920810,68.039426,2.105775e-76,39.967527,1.186372,2.296488,1.000000,0,0.364729,0.635271,0.427001,0.555091,0.462187,5.000000,4.246301e-72,0,0.756604,2.997281e-72,0.415080,0.810168,0.731108,0.621862,0.981315,0.969323,0.940667
710.000000,287.424857,426.651955,0.274981,241.604575,1.645856e-110,3.352417e-74,111.524547,70.004927,1.008635e-78,39.967302,1.194120,2.323785,1.000000,0,0.364727,0.635273,0.428924,0.558920,0.467516,5.000000,1.648445e-74,0,0.758811,1.163569e-74,0.425474,0.810926,0.735645,0.629423,0.981556,0.969461,0.940659
720.000000,287.523047,429.383412,0.275565,238.734473,2.449784e-112,1.300243e-76,115.126727,71.969446,4.831213e-81,39.967078,1.201834,2.350932,1.000000,0,0.364726,0.635274,0.430830,0.562718,0.472769,5.000000,6.394404e-77,0,0.760997,4.513555e-77,0.435732,0.811673,0.740122,0.636884,0.981795,0.969597,0.940650
730.000000,287.620243,432.113577,0.276144,235.865806,3.646146e-114,5.039180e-79,118.727346,73.932983,2.314079e-83,39.966855,1.209512,2.377930,1.000000,0,0.364724,0.635276,0.432720,0.566486,0.477952,5.000000,2.478526e-79,0,0.763162,1.749497e-79,0.445856,0.812410,0.744541,0.644247,0.982032,0.969733,0.940642
740.000000,287.716467,434.842450,0.276718,232.998573,5.426397e-116,1.951507e-81,122.326401,75.895538,1.108410e-85,39.966632,1.217158,2.404780,1.000000,0,0.364723,0.635277,0.434592,0.570225,0.483067,5.000000,9.599769e-82,0,0.765306,6.776126e-82,0.455848,0.813138,0.748902,0.651514,0.982266,0.969866,0.940633
750.000000,287.811743,437.570028,0.277287,230.132773,8.075338e-118,7.551985e-84,125.923890,77.857112,5.309120e-88,39.966411,1.224770,2.431483,1.000000,0,0.364722,0.635278,0.436448,0.573937,0.488118,5.000000,3.715418e-84,0,0.767431,2.622584e-84,0.465711,0.813856,0.753207,0.658688,0.982498,0.969999,0.940625
760.000000,287.906093,440.296311,0.277851,227.268406,1.201661e-119,2.920373e-86,129.519809,79.817706,2.542990e-90,39.966190,1.232350,2.458040,1.000000,0,0.364720,0.635280,0.438288,0.577622,0.493108,5.000000,1.436944e-86,0,0.769535,1.014291e-86,0.475447,0.814565,0.757456,0.665770,0.982728,0.970130,0.940617
770.000000,287.999539,443.021297,0.278410,224.405470,1.788035e-121,1.128514e-88,133.114158,81.777320,1.218055e-92,39.965970,1.239899,2.484450,1.000000,0,0.364719,0.635281,0.440112,0.581283,0.498041,5.000000,5.553449e-89,0,0.771618,3.920003e-89,0.485059,0.815265,0.761651,0.672761,0.982955,0.970260,0.940609
780.000000,288.092100,445.744985,0.278964,221.543966,2.660378e-123,4.357856e-91,136.706932,83.735954,5.834302e-95,39.965751,1.247417,2.510716,1.000000,0,0.364717,0.635283,0.441921,0.584816,0.502820,5.000000,2.144775e-91,0,0.773683,1.513931e-91,0.494549,0.815956,0.765793,0.679663,0.983181,0.970389,0.940601
790.000000,288.183798,448.467373,0.279514,218.683892,3.958078e-125,1.681669e-93,140.298130,85.693609,2.794544e-97,39.965532,1.254905,2.536838,1.000000,0,0.364716,0.635284,0.443714,0.588325,0.507545,5.000000,8.277547e-94,0,0.775727,5.842882e-94,0.503920,0.816638,0.769883,0.686479,0.983404,0.970517,0.940593
800.000000,288.274651,451.188461,0.280059,215.825247,5.888430e-127,6.485081e-96,143.887749,87.650285,1.338545e-99,39.965314,1.262363,2.562816,1.000000,0,0.364714,0.635286,0.445493,0.591811,0.512220,5.000000,3.192477e-96,0,0.777752,2.253483e-96,0.513174,0.817312,0.773921,0.693209,0.983625,0.970643,0.940585
810.000000,288.364678,453.908248,0.280600,212.968032,8.759704e-129,2.499206e-98,147.475787,89.605984,6.411435e-102,39.965097,1.269793,2.588652,1.000000,0,0.364713,0.635287,0.447257,0.595277,0.516847,5.000000,1.230453e-98,0,0.779758,8.685449e-99,0.522312,0.817977,0.777909,0.699856,0.983844,0.970768,0.940577
820.000000,288.453896,456.626732,0.281136,210.112244,1.303030e-130,9.625097e-101,151.062242,91.560705,3.070983e-104,39.964880,1.277194,2.614347,1.000000,0,0.364712,0.635288,0.449006,0.598722,0.521429,5.000000,4.739338e-101,0,0.781745,3.345385e-101,0.531338,0.818634,0.781848,0.706420,0.984062,0.970892,0.940569
830.000000,288.542324,459.343913,0.281668,207.257885,1.938184e-132,3.704498e-103,154.647112,93.514448,1.470955e-106,39.964664,1.284568,2.639900,1.000000,0,0.364710,0.635290,0.450742,0.602148,0.525967,5.000000,1.824277e-103,0,0.783712,1.287716e-103,0.540252,0.819283,0.785739,0.712904,0.984277,0.971015,0.940562
840.000000,288.629976,462.059790,0.282196,204.404952,2.882781e-134,1.424883e-105,158.230395,95.467215,7.045659e-109,39.964449,1.291915,2.665313,1.000000,0,0.364709,0.635291,0.452464,0.605555,0.530464,5.000000,7.017602e-106,0,0.785662,4.953578e-106,0.549058,0.819924,0.789582,0.719309,0.984490,0.971137,0.940554
850.000000,288.716870,464.774361,0.282720,201.553445,4.287504e-136,5.477204e-108,161.812088,97.419006,3.374766e-111,39.964234,1.299234,2.690587,1.000000,0,0.364708,0.635292,0.454172,0.608945,0.534921,5.000000,2.697838e-108,0,0.787592,1.904351e-108,0.557757,0.813098,0.786718,0.722235,0.984702,0.971258,0.940546
860.000000,288.803022,467.487627,0.283239,198.703364,6.376383e-138,2.104131e-110,165.392191,99.369822,1.616463e-113,39.964020,1.306528,2.715722,1.000000,0,0.364706,0.635294,0.455866,0.612317,0.539341,5.000000,1.036517e-110,0,0.789505,7.316584e-111,0.566351,0.805459,0.783090,0.724718,0.984912,0.971378,0.940539
870.000000,288.888445,470.199585,0.283754,195.854707,9.482469e-140,8.078390e-113,168.970700,101.319662,7.742620e-116,39.963807,1.313797,2.740719,1.000000,0,0.364705,0.635295,0.457548,0.615674,0.543725,5.000000,3.979918e-113,0,0.791399,2.809359e-113,0.574842,0.797912,0.779505,0.727171,0.985120,0.971497,0.940531
880.000000,288.973155,472.910236,0.284266,193.007475,1.410087e-141,3.099696e-115,172.547615,103.268527,3.708601e-118,39.963594,1.321040,2.765580,1.000000,0,0.364703,0.635297,0.459216,0.619015,0.548076,5.000000,1.527262e-115,0,0.793275,1.078072e-115,0.583231,0.790455,0.775964,0.729595,0.985326,0.971615,0.940524
890.000000,289.057166,475.619579,0.284773,190.161665,2.096760e-143,1.188665e-117,176.122934,105.216418,1.776365e-120,39.963381,1.328258,2.790303,1.000000,0,0.364702,0.635298,0.460872,0.622341,0.552394,5.000000,5.857315e-118,0,0.795134,4.134600e-118,0.591522,0.783087,0.772464,0.731991,0.985530,0.971732,0.940517
900.000000,289.140492,478.327613,0.285277,187.317278,3.117666e-145,4.555647e-120,179.696655,107.163336,8.508526e-123,39.963169,1.335453,2.814892,1.000000,0,0.364701,0.635299,0.462515,0.625654,0.556681,5.000000,2.245085e-120,0,0.796975,1.584779e-120,0.599714,0.775805,0.769005,0.734358,0.985733,0.971848,0.940510
910.000000,289.208685,481.023434,0.285696,184.474313,4.635433e-147,1.745050e-122,183.268766,109.109280,4.075458e-125,39.962989,1.341463,2.829612,1.000000,0,0.364700,0.635300,0.463883,0.628951,0.560935,5.000000,8.600552e-123,0,0.798791,6.071038e-123,0.607825,0.768596,0.765581,0.736701,0.985899,0.971943,0.940504
920.000000,289.247555,483.695481,0.285938,181.632769,6.891875e-149,6.682002e-125,186.839212,111.054252,1.952084e-127,39.962878,1.344943,2.824305,1.000000,0,0.364699,0.635301,0.464673,0.632229,0.565153,5.000000,3.293406e-125,0,0.800575,2.324783e-125,0.615870,0.761445,0.762184,0.739025,0.985994,0.971997,0.940500
930.000000,289.271735,486.354703,0.286085,178.792646,1.024653e-150,2.558110e-127,190.407939,112.998251,9.350195e-130,39.962803,1.347053,2.808814,1.000000,0,0.364698,0.635302,0.465151,0.635492,0.569340,5.000000,1.260870e-127,0,0.802335,8.900367e-128,0.623837,0.754363,0.758820,0.741327,0.986053,0.972030,0.940498
940.000000,289.295785,489.012716,0.286230,175.953942,1.523388e-152,9.791765e-130,193.974935,114.941279,4.478605e-132,39.962728,1.349152,2.793408,1.000000,0,0.364698,0.635302,0.465625,0.638744,0.573503,5.000000,4.826415e-130,0,0.804079,3.406924e-130,0.631714,0.747362,0.755495,0.743603,0.986111,0.972064,0.940496
950.000000,289.319695,491.669522,0.286375,173.116657,2.264842e-154,3.747421e-132,197.540203,116.883335,2.145186e-134,39.962653,1.351241,2.778086,1.000000,0,0.364697,0.635303,0.466097,0.641987,0.577643,5.000000,1.847177e-132,0,0.805806,1.303907e-132,0.639502,0.740440,0.752207,0.745853,0.986170,0.972097,0.940494
960.000000,289.343466,494.325122,0.286519,170.280791,3.367126e-156,1.433951e-134,201.103741,118.824420,1.027512e-136,39.962579,1.353321,2.762848,1.000000,0,0.364697,0.635303,0.466567,0.645220,0.581761,5.000000,7.068424e-135,0,0.807518,4.989546e-135,0.647202,0.733595,0.748956,0.748078,0.986228,0.972130,0.940492
970.000000,289.367098,496.979514,0.286662,167.446342,5.005815e-158,5.486141e-137,204.665551,120.764536,4.921632e-139,39.962505,1.355392,2.747694,1.000000,0,0.364696,0.635304,0.467034,0.648445,0.585858,5.000000,2.704378e-137,0,0.809213,1.909001e-137,0.654816,0.726828,0.745742,0.750277,0.986285,0.972163,0.940490
980.000000,289.390594,499.632700,0.286804,164.613310,7.441908e-160,2.098606e-139,208.225633,122.703681,2.357389e-141,39.962431,1.357453,2.732623,1.000000,0,0.364696,0.635304,0.467498,0.651662,0.589937,5.000000,1.034531e-139,0,0.810893,7.302684e-140,0.662345,0.720135,0.742563,0.752453,0.986342,0.972196,0.940488
990.000000,289.413953,502.284678,0.286946,161.781694,1.106338e-161,8.026510e-142,211.783987,124.641857,1.129155e-143,39.962358,1.359505,2.717635,1.000000,0,0.364696,0.635304,0.467959,0.654872,0.593997,5.000000,3.956865e-142,0,0.812557,2.793127e-142,0.669791,0.713517,0.739419,0.754604,0.986399,0.972228,0.940486
1000.000000,289.437177,504.935449,0.287086,158.951494,1.644697e-163,3.069411e-144,215.340614,126.579064,5.408484e-146,39.962284,1.361549,2.702729,1.000000,0,0.364695,0.635305,0.468418,0.658076,0.598041,5.000000,1.513183e-144,0,0.814206,1.068147e-144,0.677155,0.706971,0.736310,0.756731,0.986456,0.972260,0.940484
1010.000000,289.460265,507.585012,0.287226,156.122708,2.444995e-165,1.173589e-146,218.895515,128.515303,2.590584e-148,39.962211,1.363582,2.687904,1.000000,0,0.364695,0.635305,0.468874,0.661275,0.602069,5.000000,5.785812e-147,0,0.815840,4.084176e-147,0.684439,0.700497,0.733235,0.758836,0.986512,0.972293,0.940482
1020.000000,289.483220,510.233368,0.287365,153.295336,3.634664e-167,4.486533e-149,222.448689,130.450574,1.240851e-150,39.962138,1.365607,2.673161,1.000000,0,0.364694,0.635306,0.469328,0.664468,0.606083,5.000000,2.211926e-149,0,0.817459,1.561389e-149,0.691643,0.694093,0.730193,0.760917,0.986568,0.972324,0.940480
1030.000000,289.506042,512.880516,0.287504,150.469378,5.403124e-169,1.714902e-151,226.000138,132.384878,5.943495e-153,39.962065,1.367623,2.658499,1.000000,0,0.364694,0.635306,0.469779,0.667657,0.610084,5.000000,8.454947e-152,0,0.819062,5.968313e-152,0.698769,0.687759,0.727185,0.762976,0.986623,0.972356,0.940478
1040.000000,289.528732,515.526456,0.287641,147.644832,8.031930e-171,6.553940e-154,229.549862,134.318214,2.846846e-155,39.961993,1.369630,2.643917,1.000000,0,0.364693,0.635307,0.470228,0.670843,0.614073,5.000000,3.231361e-154,0,0.820651,2.281006e-154,0.705818,0.681493,0.724208,0.765012,0.986679,0.972388,0.940476
1050.000000,289.551290,518.171188,0.287778,144.821699,1.193959e-172,2.504381e-156,233.097861,136.250585,1.363597e-157,39.961921,1.371628,2.629415,1.000000,0,0.364693,0.635307,0.470674,0.674027,0.618051,5.000000,1.234795e-156,0,0.822225,8.716382e-157,0.712792,0.675294,0.721264,0.767027,0.986734,0.972419,0.940474
1060.000000,289.573718,520.814711,0.287914,141.999976,1.774816e-174,9.568282e-159,236.644137,138.181989,6.531430e-160,39.961848,1.373616,2.614993,1.000000,0,0.364692,0.635308,0.471117,0.677209,0.622019,5.000000,4.717802e-159,0,0.823785,3.330285e-159,0.719692,0.669161,0.718351,0.769021,0.986788,0.972450,0.940472
1070.000000,289.596015,523.457026,0.288049,139.179664,2.638224e-176,3.655134e-161,240.188689,140.112428,3.128458e-162,39.961777,1.375596,2.600650,1.000000,0,0.364692,0.635308,0.471558,0.680389,0.625980,5.000000,1.802272e-161,0,0.825330,1.272220e-161,0.726518,0.663094,0.715469,0.770993,0.986842,0.972481,0.940470
1080.000000,289.618184,526.098133,0.288183,136.360762,3.921612e-178,1.396076e-163,243.731518,142.041902,1.498485e-164,39.961705,1.377567,2.586386,1.000000,0,0.364691,0.635309,0.471997,0.683570,0.629933,5.000000,6.883945e-164,0,0.826861,4.859367e-164,0.733273,0.657090,0.712617,0.772944,0.986896,0.972512,0.940468
1090.000000,289.640224,528.738032,0.288317,133.543269,5.829243e-180,5.331532e-166,247.272624,143.970411,7.177523e-167,39.961634,1.379529,2.572199,1.000000,0,0.364691,0.635309,0.472433,0.686751,0.633880,5.000000,2.629004e-166,0,0.828378,1.855811e-166,0.739956,0.651149,0.709795,0.774875,0.986950,0.972543,0.940466
1100.000000,289.662137,531.376721,0.288450,130.727184,8.664716e-182,2.035786e-168,250.812008,145.897957,3.437928e-169,39.961562,1.381482,2.558091,1.000000,0,0.364690,0.635310,0.472866,0.689934,0.637822,5.000000,1.003881e-168,0,0.829881,7.086395e-169,0.746570,0.645270,0.707003,0.776786,0.987003,0.972573,0.940464
1110.000000,289.683923,534.014202,0.288582,127.912507,1.287927e-183,7.772311e-171,254.349671,147.824538,1.646717e-171,39.961491,1.383426,2.544060,1.000000,0,0.364690,0.635310,0.473297,0.693119,0.641761,5.000000,3.832758e-171,0,0.831370,2.705544e-171,0.753115,0.639452,0.704239,0.778677,0.987057,0.972604,0.940462
1120.000000,289.705582,536.650474,0.288713,125.099237,1.914356e-185,2.966925e-173,257.885613,149.750157,7.887529e-174,39.961420,1.385361,2.530106,1.000000,0,0.364689,0.635311,0.473726,0.696307,0.645698,5.000000,1.463115e-173,0,0.832845,1.032814e-173,0.759593,0.633695,0.701504,0.780548,0.987109,0.972634,0.940460
1130.000000,289.727117,539.285537,0.288844,122.287373,2.845437e-187,1.132405e-175,261.419835,151.674813,3.778010e-176,39.961350,1.387288,2.516228,1.000000,0,0.364689,0.635311,0.474152,0.699500,0.649634,5.000000,5.584503e-176,0,0.834307,3.942107e-176,0.766004,0.627996,0.698798,0.782400,0.987162,0.972664,0.940459
1140.000000,289.748527,541.919391,0.288974,119.476915,4.229316e-189,4.321517e-178,264.952337,153.598508,1.809611e-178,39.961280,1.389205,2.502427,1.000000,0,0.364689,0.635311,0.474576,0.702698,0.653571,5.000000,2.131227e-178,0,0.835755,1.504436e-178,0.772349,0.622356,0.696118,0.784233,0.987214,0.972694,0.940457
1150.000000,289.769813,544.552036,0.289103,116.667861,6.286170e-191,1.648961e-180,268.483120,155.521240,8.667769e-181,39.961209,1.391114,2.488701,1.000000,0,0.364688,0.635312,0.474997,0.705903,0.657510,5.000000,8.132320e-181,0,0.837190,5.740621e-181,0.778630,0.616773,0.693467,0.786048,0.987266,0.972723,0.940455
1160.000000,289.790976,547.183472,0.289231,113.860212,9.343228e-193,6.291073e-183,272.012183,157.443011,4.151733e-183,39.961139,1.393014,2.475051,1.000000,0,0.364688,0.635312,0.475416,0.709115,0.661452,5.000000,3.102697e-183,0,0.838612,2.190202e-183,0.784847,0.611247,0.690842,0.787844,0.987317,0.972753,0.940453
1170.000000,289.812017,549.813699,0.289359,111.053967,1.388682e-194,2.399826e-185,275.539529,159.363822,1.988619e-185,39.961070,1.394906,2.461475,1.000000,0,0.364687,0.635313,0.475833,0.712335,0.665398,5.000000,1.183599e-185,0,0.840021,8.355065e-186,0.791001,0.605776,0.688243,0.789622,0.987368,0.972782,0.940451
1180.000000,289.832936,552.442716,0.289486,108.249124,2.063970e-196,9.153260e-188,279.065157,161.283673,9.525191e-188,39.961000,1.396789,2.447974,1.000000,0,0.364687,0.635313,0.476247,0.715565,0.669352,5.000000,4.514516e-188,0,0.841417,3.186813e-188,0.797094,0.600360,0.685671,0.791382,0.987419,0.972811,0.940449
1190.000000,289.853734,555.070524,0.289612,105.445683,3.067603e-198,3.490707e-190,282.589068,163.202564,4.562426e-190,39.960931,1.398663,2.434547,1.000000,0,0.364686,0.635314,0.476659,0.718807,0.673313,5.000000,1.721706e-190,0,0.842800,1.215359e-190,0.803126,0.594998,0.683124,0.793125,0.987470,0.972840,0.940448
1200.000000,289.874412,557.697123,0.289738,102.643643,4.559213e-200,1.331046e-192,286.111262,165.120495,2.185335e-192,39.960862,1.400529,2.421194,1.000000,0,0.364686,0.635314,0.477068,0.722060,0.677284,5.000000,6.565212e-193,0,0.844170,4.634413e-193,0.809098,0.589690,0.680602,0.794850,0.987520,0.972869,0.940446
1210.000000,289.894970,560.322512,0.289863,99.843005,6.776037e-202,5.074752e-195,289.631740,167.037468,1.046743e-194,39.960793,1.402386,2.407913,1.000000,0,0.364685,0.635315,0.477475,0.725328,0.681266,5.000000,2.503115e-195,0,0.845528,1.766962e-195,0.815011,0.584434,0.678106,0.796558,0.987570,0.972897,0.940444
1220.000000,289.915414,562.946726,0.289987,97.043893,1.007063e-203,1.934548e-197,293.150502,168.953391,5.013744e-197,39.960724,1.404234,2.394706,0.999980,0,0.364685,0.635306,0.477880,0.728611,0.685262,5.000000,9.542358e-198,0,0.846873,6.736004e-198,0.820866,0.579230,0.675634,0.798250,0.987620,0.972926,0.940442
1230.000000,289.936589,565.585848,0.290109,94.305006,1.496693e-205,7.373719e-200,296.667551,170.825573,2.401510e-199,39.960653,1.406147,2.381571,0.997644,0,0.364685,0.634267,0.478299,0.731858,0.689209,5.000000,3.637255e-200,0,0.848214,2.567560e-200,0.826564,0.574165,0.673228,0.799896,0.987672,0.972955,0.940440
1240.000000,289.958621,568.251762,0.290237,91.669853,2.224353e-207,2.810176e-202,300.182888,172.622372,1.150288e-201,39.960581,1.408141,2.368508,0.995162,0,0.364684,0.633163,0.478734,0.735031,0.693062,5.000000,1.386224e-202,0,0.849557,9.785449e-203,0.832035,0.569302,0.670918,0.801476,0.987725,0.972986,0.940438
1250.000000,289.981390,570.942015,0.290370,89.129467,3.305744e-209,1.070825e-204,303.696515,174.350310,5.509708e-204,39.960506,1.410205,2.355517,0.992811,0,0.364684,0.632116,0.479185,0.738137,0.696828,5.000000,5.282476e-205,0,0.850900,3.728938e-205,0.837295,0.564626,0.668697,0.802996,0.987781,0.973018,0.940436
1260.000000,290.004812,573.654351,0.290507,86.675605,4.912804e-211,4.079803e-207,307.208437,176.015381,2.639069e-206,39.960430,1.412331,2.342597,0.990589,0,0.364683,0.631126,0.479648,0.741182,0.700516,5.000000,2.012803e-207,0,0.852242,1.420853e-207,0.842361,0.560124,0.666558,0.804459,0.987838,0.973050,0.940434
1270.000000,290.028813,576.386728,0.290648,84.300791,7.301028e-213,1.554156e-209,310.718653,177.623022,1.264075e-208,39.960352,1.414514,2.329748,0.988493,0,0.364683,0.630191,0.480123,0.744174,0.704134,5.000000,7.669926e-210,0,0.853582,5.414264e-210,0.847247,0.555781,0.664496,0.805871,0.987896,0.973084,0.940432
1280.000000,290.053324,579.137290,0.290792,81.998240,1.085008e-214,5.919472e-212,314.227167,179.178168,6.054732e-211,39.960273,1.416745,2.316970,0.986519,0,0.364682,0.629311,0.480609,0.747116,0.707689,5.000000,2.924627e-212,0,0.854918,2.064520e-212,0.851966,0.551585,0.662503,0.807234,0.987956,0.973118,0.940430
1290.000000,290.078284,581.904353,0.290939,79.761790,1.612412e-216,2.254256e-214,317.733980,180.685301,2.900127e-213,39.960192,1.419022,2.304261,0.984664,0,0.364682,0.628482,0.481103,0.750016,0.711188,5.000000,1.118580e-214,0,0.856250,7.896159e-215,0.856531,0.547528,0.660575,0.808553,0.988017,0.973152,0.940428
1300.000000,290.103638,584.686387,0.291089,77.585843,2.396145e-218,8.583302e-217,321.239094,182.148490,1.389118e-215,39.960111,1.421337,2.291622,0.982921,0,0.364681,0.627704,0.481605,0.752876,0.714636,5.000000,4.330425e-217,0,0.857577,3.056890e-217,0.860953,0.543597,0.658708,0.809831,0.988078,0.973188,0.940426
1310.000000,290.129336,587.482001,0.291241,75.465313,3.560774e-220,3.267650e-219,324.742510,183.571436,6.653670e-218,39.960028,1.423688,2.279053,0.981287,0,0.364681,0.626974,0.482114,0.755702,0.718039,5.000000,1.754447e-219,0,0.858898,1.238483e-219,0.865242,0.539785,0.656898,0.811070,0.988141,0.973223,0.940424
1320.000000,290.155332,590.289930,0.291396,73.395572,5.291388e-222,1.243787e-221,328.244231,184.957504,3.187010e-220,39.959945,1.426070,2.266552,0.979757,0,0.364680,0.626290,0.482629,0.758499,0.721403,5.000000,8.250762e-222,0,0.860213,5.824305e-222,0.869406,0.536083,0.655139,0.812273,0.988204,0.973260,0.940421
1330.000000,290.181585,593.109023,0.291552,71.372411,7.863010e-224,4.733529e-224,331.744256,186.309756,1.526531e-222,39.959861,1.428479,2.254120,0.978326,0,0.364679,0.625650,0.483149,0.761269,0.724731,5.000000,5.476987e-224,0,0.861520,3.866269e-224,0.873455,0.532484,0.653430,0.813442,0.988268,0.973296,0.940419
1340.000000,290.208059,595.938232,0.291710,69.391997,1.168428e-225,1.801160e-226,335.242588,187.630979,7.311856e-225,39.959776,1.430912,2.241757,0.976988,0,0.364679,0.625051,0.483674,0.764016,0.728029,5.000000,5.556850e-226,0,0.862820,3.922648e-226,0.877396,0.528982,0.651766,0.814581,0.988333,0.973333,0.940417
1350.000000,290.234720,598.776604,0.291869,67.450836,1.736236e-227,6.852474e-229,338.739228,188.923713,3.502271e-227,39.959691,1.433366,2.229461,0.975738,0,0.364678,0.624492,0.484203,0.766745,0.731301,5.000000,7.274782e-228,0,0.864112,5.135363e-228,0.881235,0.525569,0.650145,0.815690,0.988398,0.973370,0.940414
1360.000000,290.261536,601.623266,0.292029,65.545746,2.579940e-229,2.606573e-231,342.234176,190.190273,1.677536e-229,39.959605,1.435839,2.217232,0.974572,0,0.364678,0.623970,0.484734,0.769457,0.734550,5.000000,1.043610e-229,0,0.865395,7.366983e-230,0.884980,0.522240,0.648564,0.816772,0.988463,0.973407,0.940412
1370.000000,290.288481,604.477411,0.292190,63.673824,3.833577e-231,9.913331e-234,345.727419,191.432771,8.035150e-232,39.959518,1.438327,2.205071,0.973485,0,0.364677,0.623483,0.485268,0.772157,0.737781,5.000000,1.536502e-231,0,0.866670,1.084639e-231,0.888636,0.518990,0.647020,0.817828,0.988528,0.973445,0.940410
1380.000000,290.315384,607.331069,0.292352,61.832488,5.696297e-233,3.769611e-236,349.211705,192.653083,3.848718e-234,39.959432,1.440816,2.192976,0.972467,0,0.364677,0.623028,0.485802,0.774845,0.740995,5.000000,2.277682e-233,0,0.867932,1.607849e-233,0.892207,0.515816,0.645513,0.818859,0.988594,0.973482,0.940407
1390.000000,290.342124,610.178368,0.292512,60.019616,8.463986e-235,1.433182e-238,352.681755,193.852754,1.843479e-236,39.959346,1.443294,2.180947,0.971507,0,0.364676,0.622597,0.486333,0.777523,0.744193,5.000000,3.382304e-235,0,0.869179,2.387621e-235,0.895696,0.512714,0.644039,0.819868,0.988659,0.973519,0.940405
1400.000000,290.368706,613.019779,0.292672,58.233299,1.257625e-236,5.447964e-241,356.138562,195.033172,8.829993e-239,39.959260,1.445761,2.168985,0.970601,0,0.364676,0.622191,0.486860,0.780193,0.747380,5.000000,5.024846e-237,0,0.870413,3.547119e-237,0.899109,0.509681,0.642598,0.820854,0.988724,0.973556,0.940403
1410.000000,290.395133,615.855734,0.292831,56.471769,1.868622e-238,2.070599e-243,359.583037,196.195622,4.229436e-241,39.959174,1.448218,2.157088,0.969747,0,0.364675,0.621809,0.487384,0.782857,0.750557,5.000000,7.465811e-239,0,0.871632,5.270240e-239,0.902449,0.506712,0.641188,0.821819,0.988788,0.973593,0.940400
1420.000000,290.421408,618.686627,0.292989,54.733384,2.776423e-240,7.868417e-246,363.016024,197.341299,2.025838e-243,39.959088,1.450663,2.145257,0.968942,0,0.364675,0.621448,0.487906,0.785520,0.753729,5.000000,1.109272e-240,0,0.872837,7.830544e-241,0.905721,0.503804,0.639807,0.822764,0.988852,0.973630,0.940398
1430.000000,290.447534,621.512818,0.293146,53.016621,4.125190e-242,2.989569e-248,366.438298,198.471310,9.703463e-246,39.959003,1.453099,2.133490,0.968183,0,0.364674,0.621108,0.488424,0.788183,0.756898,5.000000,1.648150e-242,0,0.874030,1.163458e-242,0.908927,0.500954,0.638453,0.823690,0.988916,0.973666,0.940396
1440.000000,290.473514,624.334636,0.293302,51.320065,6.129097e-244,1.135692e-250,369.850574,199.586684,4.647815e-248,39.958918,1.455525,2.121788,0.967469,0,0.364673,0.620788,0.488940,0.790848,0.760068,5.000000,2.448782e-244,0,0.875209,1.728641e-244,0.912071,0.498159,0.637126,0.824598,0.988979,0.973702,0.940394
1450.000000,290.499351,627.152382,0.293458,49.642404,9.106324e-246,4.313635e-253,373.253511,200.688375,2.226235e-250,39.958834,1.457941,2.110150,0.966797,0,0.364673,0.620486,0.489452,0.793519,0.763241,5.000000,3.638296e-246,0,0.876376,2.568343e-246,0.915155,0.495417,0.635823,0.825489,0.989042,0.973738,0.940391
1460.000000,290.525045,629.966329,0.293613,47.982417,1.352957e-247,1.638166e-255,376.647717,201.777272,1.066334e-252,39.958749,1.460347,2.098576,0.966164,0,0.364672,0.620203,0.489962,0.796198,0.766421,5.000000,5.405554e-248,0,0.877530,3.815887e-248,0.918184,0.492725,0.634544,0.826364,0.989104,0.973774,0.940389
1470.000000,290.550601,632.776728,0.293767,46.338968,2.010107e-249,6.220203e-258,380.033751,202.854201,5.107580e-255,39.958665,1.462743,2.087065,0.965569,0,0.364672,0.619936,0.490469,0.798887,0.769611,5.000000,8.031129e-250,0,0.878672,5.669336e-250,0.921159,0.490081,0.633288,0.827224,0.989167,0.973810,0.940387
1480.000000,290.576018,635.583806,0.293921,44.711002,2.986404e-251,2.361477e-260,383.412128,203.919928,2.446456e-257,39.958581,1.465130,2.075618,0.965009,0,0.364671,0.619684,0.490974,0.801590,0.772814,5.000000,1.193184e-251,0,0.879802,8.422932e-252,0.924083,0.487482,0.632054,0.828068,0.989229,0.973845,0.940385
1490.000000,290.601299,638.387771,0.294073,43.097537,4.436825e-253,8.963883e-263,386.783325,204.975168,1.171816e-259,39.958497,1.467508,2.064233,0.964483,0,0.364671,0.619448,0.491476,0.804310,0.776034,5.000000,1.772688e-253,0,0.880920,1.251379e-253,0.926958,0.484926,0.630840,0.828899,0.989290,0.973880,0.940382
1500.000000,290.626445,641.188810,0.294225,41.497659,6.591596e-255,3.402062e-265,390.147778,206.020586,5.612826e-262,39.958413,1.469877,2.052911,0.963988,0,0.364670,0.619226,0.491975,0.807049,0.779275,5.000000,2.633612e-255,0,0.882027,1.859125e-255,0.929786,0.482412,0.629646,0.829716,0.989351,0.973915,0.940380
1510.000000,290.651549,643.990074,0.294377,39.910705,9.792717e-257,1.290988e-267,393.507708,207.057757,2.688461e-264,39.958330,1.472244,2.041660,0.963523,0,0.364670,0.619018,0.492473,0.809813,0.782540,5.000000,3.912603e-257,0,0.883123,2.761995e-257,0.932569,0.479938,0.628471,0.830520,0.989412,0.973950,0.940378
1520.000000,290.676715,646.795202,0.294529,38.336079,1.454823e-258,4.898198e-270,396.865633,208.088378,1.287733e-266,39.958247,1.474621,2.030491,0.963086,0,0.364669,0.618822,0.492973,0.812604,0.785836,5.000000,5.812649e-259,0,0.884211,4.103284e-259,0.935310,0.477502,0.627314,0.831312,0.989474,0.973985,0.940376
1530.000000,290.701943,649.604393,0.294682,36.773012,2.161284e-260,1.858166e-272,400.221962,209.113007,6.168051e-269,39.958163,1.477008,2.019404,0.962675,0,0.364669,0.618637,0.493474,0.815428,0.789168,5.000000,8.635290e-261,0,0.885290,6.095857e-261,0.938009,0.475103,0.626174,0.832092,0.989535,0.974020,0.940374
1540.000000,290.727234,652.417825,0.294835,35.220784,3.210760e-262,7.048017e-275,403.577077,210.132163,2.954405e-271,39.958080,1.479404,2.008397,0.962289,0,0.364668,0.618464,0.493976,0.818211,0.792455,5.000000,1.282845e-262,0,0.886361,9.055915e-263,0.940669,0.472739,0.625051,0.832860,0.989597,0.974055,0.940372
1550.000000,290.752589,655.235669,0.294989,33.678723,4.769780e-264,2.672903e-277,406.931333,211.146333,1.415116e-273,39.957997,1.481809,1.997470,0.961927,0,0.364668,0.618302,0.494479,0.820518,0.795231,5.000000,1.905750e-264,0,0.887423,1.345316e-264,0.943291,0.470408,0.623944,0.833617,0.989658,0.974091,0.940369
1560.000000,290.778008,658.058081,0.295143,32.146202,7.085707e-266,1.013523e-279,410.285064,212.155969,6.778199e-276,39.957914,1.484224,1.986623,0.961586,0,0.364667,0.618149,0.494984,0.822872,0.798058,5.000000,2.831079e-266,0,0.888477,1.998531e-266,0.945876,0.468111,0.622853,0.834364,0.989720,0.974126,0.940367
1570.000000,290.803492,660.885210,0.295297,30.622633,1.052598e-267,3.842535e-282,413.638580,213.161496,3.246657e-278,39.957832,1.486648,1.975854,0.961266,0,0.364666,0.618006,0.495490,0.825278,0.800941,5.000000,4.205645e-268,0,0.889523,2.968875e-268,0.948425,0.465844,0.621776,0.835101,0.989782,0.974161,0.940365
1580.000000,290.829040,663.717194,0.295452,29.107464,1.563639e-269,1.456586e-284,416.992174,214.163311,1.555101e-280,39.957749,1.489082,1.965163,0.960966,0,0.364666,0.617871,0.495997,0.827740,0.803887,5.000000,6.247520e-270,0,0.890561,4.410292e-270,0.950940,0.463609,0.620714,0.835827,0.989845,0.974197,0.940363
1590.000000,290.854653,666.554163,0.295607,27.600183,2.322762e-271,5.520625e-287,420.346120,215.161785,7.448703e-283,39.957666,1.491527,1.954550,0.960684,0,0.364665,0.617745,0.496506,0.830266,0.806902,5.000000,9.280624e-272,0,0.891591,6.551446e-272,0.953423,0.461402,0.619666,0.836544,0.989907,0.974233,0.940360
1600.000000,290.880332,669.396241,0.295763,26.100305,3.450383e-273,2.092061e-289,423.700676,216.157266,3.567819e-285,39.957584,1.493980,1.944013,0.960420,0,0.364665,0.617626,0.497015,0.832863,0.809996,5.000000,1.378609e-273,0,0.892613,9.731987e-274,0.955873,0.459224,0.618631,0.837252,0.989970,0.974268,0.940358
1610.000000,290.906075,672.243542,0.295919,24.607380,5.125361e-275,7.926731e-292,427.056086,217.150080,1.708932e-287,39.957502,1.496444,1.933553,0.960171,0,0.364664,0.617515,0.497527,0.835538,0.813177,5.000000,2.047857e-275,0,0.893628,1.445640e-275,0.958293,0.457073,0.617610,0.837951,0.990032,0.974304,0.940356
1620.000000,290.931885,675.096177,0.296076,23.120983,7.613355e-277,3.002948e-294,430.412577,218.140532,8.185534e-290,39.957419,1.498918,1.923168,0.959938,0,0.364664,0.617410,0.498039,0.838303,0.816457,5.000000,3.041952e-277,0,0.894635,2.147403e-277,0.960683,0.454949,0.616601,0.838642,0.990095,0.974340,0.940354
1630.000000,290.957760,677.954251,0.296233,21.640718,1.130895e-278,1.137458e-296,433.770365,219.128909,3.920750e-292,39.957337,1.501401,1.912857,0.959719,0,0.364663,0.617312,0.498553,0.841167,0.819848,5.000000,4.518556e-279,0,0.895634,3.189783e-279,0.963043,0.452850,0.615604,0.839324,0.990158,0.974376,0.940351
1640.000000,290.983700,680.817861,0.296390,20.166210,1.679820e-280,4.307811e-299,437.129655,220.115479,1.877981e-294,39.957255,1.503895,1.902622,0.959514,0,0.364663,0.617220,0.499068,0.844146,0.823367,5.000000,6.711838e-281,0,0.896625,4.738090e-281,0.965376,0.450777,0.614619,0.839997,0.990221,0.974412,0.940349
1650.000000,291.009707,683.687102,0.296548,18.697110,2.495156e-282,1.631217e-301,440.490640,221.100494,8.995253e-297,39.957174,1.506398,1.892460,0.959321,0,0.364662,0.617134,0.499584,0.847255,0.827030,5.000000,9.969599e-283,0,0.897609,7.037848e-283,0.967681,0.448728,0.613646,0.840663,0.990285,0.974448,0.940347
1660.000000,291.035779,686.562066,0.296707,17.233090,3.706185e-284,6.175902e-304,443.853502,222.084191,4.308593e-299,39.957092,1.508912,1.882371,0.959140,0,0.364662,0.617053,0.500102,0.850514,0.830862,5.000000,1.480841e-284,0,0.898586,1.045372e-284,0.969960,0.446702,0.612684,0.841322,0.990348,0.974485,0.940345
1670.000000,291.061917,689.442838,0.296866,15.773840,5.504919e-286,2.337883e-306,447.218415,223.066793,2.063753e-301,39.957010,1.511436,1.872354,0.958970,0,0.364661,0.616977,0.500621,0.853950,0.834891,5.000000,2.199548e-286,0,0.899555,1.552732e-286,0.972213,0.444700,0.611732,0.841973,0.990412,0.974521,0.940342
1680.000000,291.088121,692.329501,0.297025,14.319069,8.176534e-288,8.848689e-309,450.585546,224.048507,9.885070e-304,39.956929,1.513970,1.862409,0.958810,0,0.364661,0.616905,0.501142,0.857594,0.839152,5.000000,3.267029e-288,0,0.900517,2.306303e-288,0.974441,0.442719,0.610792,0.842616,0.990475,0.974557,0.940340
1690.000000,291.114392,695.222136,0.297185,12.868504,1.214457e-289,3.348642e-311,453.955050,225.029532,4.734803e-306,39.956847,1.516514,1.852536,0.958660,0,0.364660,0.616839,0.501663,0.861489,0.843693,5.000000,4.852517e-290,0,0.901471,3.425553e-290,0.976644,0.440761,0.609861,0.843253,0.990539,0.974594,0.940338
1700.000000,291.140728,698.120820,0.297345,11.421887,1.803804e-291,1.267045e-313,457.327079,226.010051,2.267900e-308,39.956766,1.519069,1.842734,0.958520,0,0.364660,0.616776,0.502186,0.865690,0.848576,5.000000,7.207349e-292,0,0.902419,5.087911e-292,0.978824,0.438823,0.608941,0.843882,0.990604,0.974631,0.940336
1710.000000,291.167130,701.025628,0.297505,9.978977,2.679112e-293,4.793459e-316,460.701777,226.990239,1.086291e-310,39.956685,1.521633,1.833002,0.958388,0,0.364659,0.616717,0.502711,0.870274,0.853887,6.000000,1.070480e-293,0,0.903359,7.556885e-294,0.980980,0.436907,0.608031,0.844505,0.990668,0.974667,0.940333
1720.000000,291.193599,703.936632,0.297666,8.539545,3.979120e-295,1.813167e-318,464.079280,227.970260,5.203173e-313,39.956603,1.524208,1.823339,0.958264,0,0.364659,0.616662,0.503236,0.875354,0.859751,6.000000,1.589922e-295,0,0.904292,1.122382e-295,0.983113,0.435010,0.607130,0.845122,0.990732,0.974704,0.940331
1730.000000,291.220134,706.853904,0.297827,7.103374,5.909867e-297,6.862572e-321,467.459721,228.950269,2.492243e-315,39.956522,1.526794,1.813745,0.958148,0,0.364658,0.616610,0.503763,0.881101,0.866356,6.000000,2.361390e-297,0,0.905218,1.666989e-297,0.985225,0.433134,0.606238,0.845732,0.990797,0.974741,0.940329
1740.000000,291.246735,709.777512,0.297989,5.670263,8.777336e-299,2.964394e-323,470.843228,229.930411,1.193747e-317,39.956442,1.529389,1.804220,0.958039,0,0.364658,0.616561,0.504292,0.887795,0.874014,6.000000,3.507148e-299,0,0.906138,2.475822e-299,0.987315,0.431276,0.605356,0.846335,0.990862,0.974778,0.940326
1750.000000,291.273403,712.707524,0.298151,4.240019,1.303594e-300,2.470328e-323,474.229921,230.910825,5.717822e-320,39.956361,1.531996,1.794763,0.957936,0,0.364657,0.616515,0.504821,0.895951,0.883293,6.000000,5.208766e-301,0,0.907050,3.677059e-301,0.989383,0.429437,0.604483,0.846933,0.990927,0.974815,0.940324
1760.000000,291.300137,715.644006,0.298314,2.812460,1.936049e-302,2.470328e-323,477.619920,231.891640,2.717361e-322,39.956280,1.534612,1.785374,0.957840,0,0.364656,0.616472,0.505352,0.906697,0.895435,6.000000,7.735885e-303,0,0.907955,5.461050e-303,0.991431,0.427617,0.603618,0.847524,0.990992,0.974852,0.940322
1770.000000,291.326937,718.587023,0.298477,1.387416,2.875310e-304,2.470328e-323,481.013337,232.872980,2.470328e-323,39.956200,1.537239,1.776051,0.957750,0,0.364656,0.616432,0.505884,0.923520,0.914259,6.000000,1.148893e-304,0,0.908854,8.110473e-305,0.993458,0.425815,0.602762,0.848110,0.991057,0.974890,0.940319
1780.000000,291.363129,721.634622,0.298573,0.321026,4.270191e-306,2.470328e-323,484.410284,233.595831,2.470328e-323,39.956097,1.540687,1.766795,0.905354,0,0.364655,0.592628,0.506581,0.938249,0.930583,6.000000,1.706255e-306,0,0.909775,1.204511e-306,0.994972,0.424469,0.602123,0.848547,0.991145,0.974940,0.940316
1790.000000,291.406922,724.976131,0.298734,0.306733,6.341629e-308,2.470328e-323,487.810868,233.555870,2.470328e-323,39.955971,1.545056,1.757604,0.856981,0,0.364654,0.570282,0.507463,0.938874,0.931299,6.000000,2.533959e-308,0,0.910774,1.788822e-308,0.995021,0.424425,0.602102,0.848562,0.991252,0.975001,0.940312
1800.000000,291.445529,728.325500,0.298963,0.300738,9.417727e-310,2.470328e-323,491.215192,233.512222,2.470328e-323,39.955859,1.548869,1.748479,0.854257,0,0.364654,0.569013,0.508230,0.939499,0.932015,6.000000,3.763107e-310,0,0.911765,2.656529e-310,0.995060,0.424391,0.602086,0.848573,0.991346,0.975055,0.940309
1810.000000,291.483827,731.681174,0.299197,0.295025,1.398568e-311,2.470328e-323,494.623358,233.470717,2.470328e-323,39.955749,1.552656,1.739418,0.854076,0,0.364653,0.568929,0.508991,0.940122,0.932729,6.000000,5.588379e-312,0,0.912746,3.945066e-312,0.995097,0.424358,0.602070,0.848584,0.991439,0.975108,0.940306
1820.000000,291.522094,735.043273,0.299430,0.289576,2.076889e-313,2.470328e-323,498.035463,233.431364,2.470328e-323,39.955639,1.556448,1.730422,0.854035,0,0.364652,0.568911,0.509751,0.940745,0.933441,6.000000,8.298838e-314,0,0.913719,5.858497e-314,0.995134,0.424325,0.602054,0.848594,0.991532,0.975161,0.940302
1830.000000,291.560346,738.411890,0.299663,0.284372,3.084148e-315,2.470328e-323,501.451604,233.394178,2.470328e-323,39.955530,1.560247,1.721490,0.854003,0,0.364652,0.568897,0.510510,0.941367,0.934153,6.000000,1.232370e-315,0,0.914682,8.699821e-316,0.995171,0.424293,0.602039,0.848605,0.991625,0.975214,0.940299
1840.000000,291.598585,741.787111,0.299896,0.279398,4.579830e-317,2.470328e-323,504.871873,233.359167,2.470328e-323,39.955420,1.564053,1.712620,0.853974,0,0.364651,0.568884,0.511269,0.941988,0.934863,6.000000,1.830026e-317,0,0.915637,1.291894e-317,0.995206,0.424261,0.602024,0.848615,0.991718,0.975268,0.940296
1850.000000,291.636812,745.169024,0.300129,0.274639,6.800764e-319,2.470328e-323,508.296364,233.326341,2.470328e-323,39.955311,1.567866,1.703814,0.853946,0,0.364650,0.568872,0.512028,0.942608,0.935571,6.000000,2.717559e-319,0,0.916582,1.918457e-319,0.995241,0.424230,0.602009,0.848625,0.991811,0.975321,0.940292
1860.000000,291.675030,748.557712,0.300362,0.270081,1.009376e-320,2.470328e-323,511.725167,233.295710,2.470328e-323,39.955202,1.571686,1.695070,0.853921,0,0.364650,0.568860,0.512787,0.943228,0.936279,6.000000,4.046398e-321,0,0.917519,2.855699e-321,0.995275,0.424200,0.601995,0.848635,0.991904,0.975374,0.940289
1870.000000,291.713239,751.953260,0.300595,0.265711,1.482197e-322,2.470328e-323,515.158368,233.267280,2.470328e-323,39.955093,1.575514,1.686387,0.853897,0,0.364649,0.568850,0.513545,0.943846,0.936985,6.000000,6.916919e-323,0,0.918448,4.940656e-323,0.995309,0.424170,0.601981,0.848645,0.991997,0.975427,0.940286
1880.000000,291.751440,755.355751,0.300828,0.261519,2.964394e-323,2.470328e-323,518.596056,233.241061,2.470328e-323,39.954984,1.579349,1.677766,0.853874,0,0.364648,0.568840,0.514303,0.944464,0.937690,6.000000,1.976263e-323,0,0.919367,1.482197e-323,0.995342,0.424141,0.601967,0.848654,0.992090,0.975480,0.940282
1890.000000,291.789635,758.765265,0.301061,0.257494,2.964394e-323,2.470328e-323,522.038316,233.217058,2.470328e-323,39.954876,1.583192,1.669205,0.853853,0,0.364647,0.568831,0.515061,0.945081,0.938394,6.000000,1.976263e-323,0,0.920279,1.482197e-323,0.995374,0.424112,0.601953,0.848664,0.992183,0.975533,0.940279
1900.000000,291.827825,762.181883,0.301294,0.253625,2.964394e-323,2.470328e-323,525.485233,233.195278,2.470328e-323,39.954767,1.587043,1.660705,0.853833,0,0.364647,0.568822,0.515819,0.945697,0.939097,6.000000,1.976263e-323,0,0.921181,1.482197e-323,0.995406,0.424083,0.601940,0.848673,0.992276,0.975587,0.940276
1910.000000,291.866012,765.605685,0.301526,0.249905,2.964394e-323,2.470328e-323,528.936888,233.175726,2.470328e-323,39.954659,1.590901,1.652265,0.853815,0,0.364646,0.568814,0.516577,0.946313,0.939798,6.000000,1.976263e-323,0,0.922076,1.482197e-323,0.995438,0.424056,0.601926,0.848682,0.992369,0.975640,0.940273
1920.000000,291.904196,769.036749,0.301759,0.246324,2.964394e-323,2.470328e-323,532.393365,233.158408,2.470328e-323,39.954551,1.594768,1.643884,0.853797,0,0.364645,0.568806,0.517335,0.946928,0.940498,6.000000,1.976263e-323,0,0.922962,1.482197e-323,0.995468,0.424028,0.601913,0.848691,0.992462,0.975693,0.940269
1930.000000,291.942378,772.475154,0.301992,0.242875,2.964394e-323,2.470328e-323,535.854745,233.143329,2.470328e-323,39.954444,1.598643,1.635561,0.853780,0,0.364645,0.568799,0.518092,0.947542,0.941198,6.000000,1.976263e-323,0,0.923840,1.482197e-323,0.995499,0.424001,0.601901,0.848700,0.992555,0.975746,0.940266
1940.000000,291.980560,775.920976,0.302224,0.239551,2.964394e-323,2.470328e-323,539.321107,233.130494,2.470328e-323,39.954336,1.602527,1.627298,0.853764,0,0.364644,0.568792,0.518849,0.948156,0.941896,6.000000,1.976263e-323,0,0.924710,1.482197e-323,0.995529,0.423974,0.601888,0.848708,0.992648,0.975799,0.940263
1950.000000,292.018795,779.374776,0.302456,0.238094,2.964394e-323,2.470328e-323,542.792532,233.118634,2.470328e-323,39.954229,1.606424,1.619092,0.853422,0,0.364643,0.568633,0.519608,0.948769,0.942593,6.000000,1.976263e-323,0,0.925571,1.482197e-323,0.995556,0.423950,0.601876,0.848716,0.992741,0.975852,0.940259
1960.000000,292.057011,782.836512,0.302689,0.238094,2.964394e-323,2.470328e-323,546.269098,233.108049,2.470328e-323,39.954122,1.610328,1.610943,0.853337,0,0.364643,0.568594,0.520365,0.949381,0.943289,6.000000,1.976263e-323,0,0.926425,1.482197e-323,0.995581,0.423928,0.601866,0.848723,0.992834,0.975905,0.940256
1970.000000,292.095220,786.305866,0.302922,0.238094,2.964394e-323,2.470328e-323,549.750883,233.099797,2.470328e-323,39.954015,1.614240,1.602852,0.853333,0,0.364642,0.568593,0.521123,0.949993,0.943984,6.000000,1.976263e-323,0,0.927271,1.482197e-323,0.995606,0.423906,0.601855,0.848731,0.992927,0.975959,0.940253
1980.000000,292.133432,789.782915,0.303154,0.238095,2.964394e-323,2.470328e-323,553.237966,233.093877,2.470328e-323,39.953908,1.618160,1.594817,0.853333,0,0.364641,0.568593,0.521881,0.950605,0.944678,6.000000,1.976263e-323,0,0.928109,1.482197e-323,0.995630,0.423884,0.601845,0.848738,0.993021,0.976012,0.940249
1990.000000,292.171647,793.267736,0.303387,0.238095,2.964394e-323,2.470328e-323,556.730423,233.090291,2.470328e-323,39.953801,1.622089,1.586839,0.853333,0,0.364641,0.568594,0.522638,0.951215,0.945372,6.000000,1.976263e-323,0,0.928940,1.482197e-323,0.995655,0.423863,0.601835,0.848745,0.993114,0.976065,0.940246
2000.000000,292.209868,796.760406,0.303620,0.238095,2.964394e-323,2.470328e-323,560.228331,233.089037,2.470328e-323,39.953695,1.626027,1.578916,0.853333,0,0.364640,0.568595,0.523396,0.951825,0.946064,6.000000,1.976263e-323,0,0.929762,1.482197e-323,0.995679,0.423841,0.601825,0.848752,0.993207,0.976118,0.940243
